	r1	r2	r3	r4	r5	r6	r7	r8	r9	r10	r11	r12	r13	r14	r15	r16	r17	r18
CTR_MGH.AGGATAAAGCTCGACC	0	1	1	1	1	1	0	1	1	0	1	1	1	1	1	1	1	1
CTR_MGH.AATTTCCGTGTAGCAG	0	1	1	-1	-1	-1	0	1	1	0	2	2	0	1	2	1	1	1
CTR_MGH.CTGTCGTTCGGCGATC	1	1	1	2	1	1	0	1	1	0	1	1	0	1	1	1	1	1
CTR_MGH.TAGAGTCAGGATTTAG	0	1	1	1	2	1	0	1	1	0	1	1	0	1	1	1	1	1
CTR_MGH.AACTTCTAGAGCATTA	0	1	1	1	1	1	0	1	1	-1	-1	-1	2	1	1	1	1	1
CTR_MGH.CATACAGGTACCAGAG	0	1	1	3	3	1	1	1	1	-1	-1	-1	3	1	3	1	1	1
CTR_MGH.CTCATTAAGAATCCCT	0	1	1	1	1	1	0	1	1	0	1	1	0	1	1	1	1	1
CTR_MGH.GACAGCCGTTGGGTTT	0	1	1	-1	-1	-1	0	1	1	-1	-1	-1	4	1	1	1	1	1
CTR_MGH.CAAAGAAGTAACTTCG	1	1	1	1	4	2	2	1	1	0	2	2	0	1	4	1	1	1
CTR_MGH.CTGAGCGAGCTAAGTA	0	1	1	1	5	1	0	1	1	1	2	2	0	1	0	1	1	1
CTR_MGH.CCAATGATCTGGTTGA	0	1	1	-1	-1	-1	0	1	1	-1	-1	-1	0	1	5	1	1	1
CTR_MGH.GATTCGATCTTCGATT	-1	-1	-1	-1	-1	-1	0	1	1	-1	-1	-1	0	1	1	1	1	1
CTR_MGH.ATCGTCCCACGCAGTC	0	1	1	1	1	1	0	1	1	0	1	1	0	1	1	1	1	1
CTR_MGH.AGTTAGCCAGCAAGAC	0	1	1	4	6	1	0	1	1	-1	-1	-1	0	1	4	1	1	1
CTR_MGH.GACATCATCGGCCTTT	0	1	1	1	1	1	0	1	1	-1	-1	-1	0	1	1	1	1	1
CTR_MGH.TACCCACAGCATTGTC	0	1	1	-1	-1	-1	0	1	1	-1	-1	-1	0	1	1	1	1	1
CTR_MGH.ACTGATGAGAAGCGGG	0	1	1	0	7	1	0	1	1	0	1	1	0	1	6	1	1	1
CTR_MGH.GTCCCATTCAAGCCCG	0	1	1	0	8	1	0	1	1	-1	-1	-1	3	1	1	1	1	1
CTR_MGH.AAGATAGCAGTTTCGA	1	1	1	-1	-1	-1	0	1	1	-1	-1	-1	0	1	1	1	1	1
CTR_MGH.CTCTCAGCAGACATCT	2	1	1	5	9	1	0	1	1	-1	-1	-1	5	2	7	1	1	1
CTR_MGH.ACTTCCGTCTATCGTT	3	1	1	0	10	1	3	1	1	0	2	2	0	1	2	1	1	1
CTR_MGH.GACTGATGTTGGGACA	0	1	1	1	1	1	0	1	1	0	1	1	0	1	1	1	1	1
CTR_MGH.CTGAATGTCTGAGGCC	0	1	1	0	2	1	0	1	1	0	1	1	0	1	1	1	1	1
CTR_MGH.CTCAGTCAGAGTATAC	0	1	1	6	5	1	0	1	1	0	1	1	4	1	1	1	1	1
CTR_MGH.TACTTCATCATCTATC	0	1	1	-1	-1	-1	0	1	1	-1	-1	-1	5	2	7	1	1	1
CTR_MGH.TACTTACAGACTCCGC	0	1	1	0	8	1	0	1	1	0	1	1	0	1	1	1	1	1
CTR_MGH.TCCATCGTCACTCGAA	0	1	1	1	1	1	0	1	1	0	1	1	0	1	1	1	1	1
CTR_MGH.ACTGTCCCAAGGCAAC	0	1	1	7	11	1	-1	-1	-1	-1	-1	-1	5	2	7	1	1	1
CTR_MGH.CATGCTCTCGCTTGCT	3	1	1	0	1	1	0	1	1	1	1	1	0	1	1	1	1	1
CTR_MGH.CTGCCATCAACCACAT	0	1	1	8	12	1	0	1	1	1	1	1	0	1	8	1	1	1
CTR_MGH.CTGTGGGCAACGTATC	0	1	1	3	3	1	2	1	1	0	1	1	0	1	1	1	1	1
CTR_MGH.ACTCTCGTCGGAAACG	0	1	1	-1	-1	-1	0	1	1	-1	-1	-1	6	1	1	1	1	1
CTR_MGH.GAATCGTGTCTTGTCC	0	1	1	0	13	1	0	1	1	-1	-1	-1	5	2	7	1	1	1
CTR_MGH.TTACGTTAGGGATGTC	0	1	1	0	10	1	0	1	1	2	2	2	0	1	2	1	1	1
CTR_MGH.AGCGTCGCACGGCACT	0	1	1	-1	-1	-1	0	1	1	0	1	1	0	1	1	1	1	1
CTR_MGH.GACATCATCAGACATC	-1	-1	-1	0	13	1	0	1	1	-1	-1	-1	5	2	7	1	1	1
CTR_MGH.ACTTCGCTCCGTGTAA	0	1	1	0	13	1	0	1	1	-1	-1	-1	5	2	7	1	1	1
CTR_MGH.GCTACAAGTGTTAGCT	0	1	1	9	13	1	0	1	1	0	1	1	6	1	1	1	1	1
CTR_MGH.ACGGTTAAGCCGATTT	0	1	1	1	1	1	0	1	1	-1	-1	-1	3	1	1	1	1	1
CTR_MGH.ATCGGATTCAGACCTA	0	1	1	9	8	1	-1	-1	-1	0	1	1	0	1	1	1	1	1
CTR_MGH.CCCTCAAAGCCTGAGA	0	1	1	-1	-1	-1	2	1	1	-1	-1	-1	3	1	6	1	1	1
CTR_MGH.GGACGTCTCAATCCGA	1	1	1	10	14	1	4	1	1	3	3	2	5	2	7	1	1	1
CTR_MGH.TTGACCCAGGTTGGTG	0	1	1	5	15	1	0	1	1	-1	-1	-1	5	2	7	1	1	1
CTR_MGH.TATCCTATCCATCACC	1	1	1	9	11	1	0	1	1	4	4	2	0	1	9	1	1	1
CTR_MGH.GCCCGAACAGGGATAC	0	1	1	0	8	1	0	1	1	-1	-1	-1	0	1	1	1	1	1
CTR_MGH.GTATTTCAGTTTCTTC	0	1	1	0	10	1	0	1	1	0	2	2	0	1	2	1	1	1
CTR_MGH.AGGATCTGTTAATCGC	0	1	1	0	8	1	0	1	1	-1	-1	-1	0	1	1	1	1	1
CTR_MGH.CCGTTCACACCAGCCA	0	1	1	-1	-1	-1	0	1	1	5	1	1	0	1	1	1	1	1
CTR_MGH.CTAAGTGAGAATCGAT	0	1	1	-1	-1	-1	0	1	1	1	1	1	-1	-1	-1	1	1	1
CTR_MGH.GTCCTCAAGAACTTCC	0	1	1	11	1	1	0	1	1	0	1	1	0	1	1	1	1	1
CTR_MGH.ACGATCAGTAGGCTCC	4	1	1	3	3	1	0	1	1	-1	-1	-1	5	2	7	1	1	1
CTR_MGH.CGAGGAAGTATGATCC	0	1	1	1	4	2	2	1	1	0	2	2	0	1	0	1	1	1
CTR_MGH.TGGTAGTAGAGTGGCT	-1	-1	-1	12	16	1	0	1	1	-1	-1	-1	3	1	1	1	1	1
CTR_MGH.TGTTCTACACTACACA	0	1	1	0	1	1	0	1	1	-1	-1	-1	0	1	1	1	1	1
CTR_MGH.CGTAATGAGGTTCAGG	0	1	1	0	7	1	0	1	1	-1	-1	-1	0	1	6	1	1	1
CTR_MGH.TGGAACTAGCGACAGT	0	1	1	-1	-1	-1	0	1	1	0	1	1	0	1	1	1	1	1
CTR_MGH.GGGAGTAAGCGTATAA	5	1	1	0	17	1	0	1	1	0	2	2	0	1	2	1	1	1
CTR_MGH.TATTCCACAAGAGCTG	0	1	1	-1	-1	-1	0	1	1	0	2	2	0	1	2	1	1	1
CTR_MGH.TTCATTGTCGTGCTCT	6	1	1	5	0	1	0	1	1	-1	-1	-1	5	2	7	1	1	1
CTR_MGH.TCTTGCGGTATGAGAT	0	1	1	13	18	1	0	1	1	1	1	1	0	1	1	1	1	1
CTR_MGH.AGGAATATCATACGAC	1	1	1	-1	-1	-1	0	1	1	-1	-1	-1	5	2	7	1	1	1
CTR_MGH.CAACAACGTCCTGGGT	0	1	1	-1	-1	-1	0	1	1	6	1	1	-1	-1	-1	1	1	1
CTR_MGH.TCACTCGAGTGCAACG	0	1	1	1	2	1	0	1	1	0	1	1	3	1	1	1	1	1
CTR_MGH.CCTCTCCCACATGAAA	1	1	1	0	8	1	0	1	1	0	1	1	0	1	1	1	1	1
CTR_MGH.GGGATCCTCTAATTCC	6	1	1	1	1	1	0	1	1	-1	-1	-1	0	1	1	-1	-1	-1
CTR_MGH.GTGCACGGTTTCACTT	0	1	1	1	1	1	0	1	1	-1	-1	-1	3	1	1	1	1	1
CTR_MGH.TCCTTTCCACCAGCTG	0	1	1	10	5	1	2	1	1	3	0	2	5	2	7	1	1	1
CTR_MGH.CTGTGAAAGTACCATC	0	1	1	0	19	1	0	1	1	0	1	1	0	1	1	1	1	1
CTR_MGH.GGTCTGGCAACAAAGT	0	1	1	9	20	0	5	1	1	0	1	1	0	1	1	1	1	1
CTR_MGH.AGGAGGTCAGTTAAAG	0	1	1	-1	-1	-1	0	1	1	7	1	1	0	1	1	1	1	1
CTR_MGH.ACATGCAAGCGACTAG	0	1	1	0	2	1	0	1	1	-1	-1	-1	3	1	1	1	1	1
CTR_MGH.ATTTCTGGTTCCGCGA	0	1	1	-1	-1	-1	0	1	1	-1	-1	-1	3	1	6	1	1	1
CTR_MGH.TCGCTCACATAGTCGT	7	1	1	0	1	1	0	1	1	-1	-1	-1	0	1	1	1	1	1
CTR_MGH.TTGTTCACATTCACCC	0	1	1	1	1	1	0	1	1	0	1	1	0	1	1	1	1	1
CTR_MGH.CATGCGGGTGCAGTGA	0	1	1	3	3	1	0	1	1	-1	-1	-1	0	1	0	1	1	1
CTR_MGH.AGCCAATCATGACTTG	0	1	1	-1	-1	-1	6	1	1	1	1	1	0	1	1	-1	-1	-1
CTR_MGH.TCAGTTTGTCCGACGT	0	1	1	0	8	1	0	1	1	8	1	1	0	1	1	1	1	1
CTR_MGH.AACGAAAAGAGAATCT	0	1	1	-1	-1	-1	0	1	1	0	2	2	0	1	2	1	1	1
CTR_MGH.GACTCTCGTTATTCCT	0	1	1	5	21	1	0	1	1	-1	-1	-1	5	2	7	1	1	1
CTR_MGH.GGGTCTGTCGCTACAA	0	1	1	4	6	1	0	1	1	0	0	2	3	1	4	1	1	1
CTR_MGH.GACTGATCAGTATACC	0	1	1	0	8	1	0	1	1	-1	-1	-1	0	1	1	1	1	1
CTR_MGH.GTGAGGAGTTCAGCGC	0	1	1	1	1	1	0	1	1	0	1	1	0	1	1	1	1	1
CTR_MGH.AATGGAAGTTCGGACC	0	1	1	1	1	1	0	1	1	0	1	1	0	1	1	1	1	1
CTR_MGH.ACGTAACGTGTGATGG	0	1	1	1	1	1	0	1	1	-1	-1	-1	0	1	1	1	1	1
CTR_MGH.ACGTAACTCTTTGCTA	0	1	1	1	1	1	0	1	1	0	1	1	3	1	1	1	1	1
CTR_MGH.ACGTTCCAGCGGGTTA	0	1	1	-1	-1	-1	0	1	1	-1	-1	-1	0	1	1	1	1	1
CTR_MGH.TCCTAATAGGGAGTGG	0	1	1	9	13	1	0	1	1	0	1	1	0	1	1	1	1	1
CTR_MGH.GGAGGTAAGGTCGTCC	7	1	1	-1	-1	-1	-1	-1	-1	3	0	2	5	2	7	1	1	1
CTR_MGH.GTGACGCAGCTTCGTA	3	1	1	-1	-1	-1	7	1	1	0	2	2	0	1	2	1	1	1
CTR_MGH.TACCTCGTCCGTTTCG	0	1	1	1	11	1	8	1	1	-1	-1	-1	5	2	7	1	1	1
CTR_MGH.GAAATGATCGTCGCTT	0	1	1	10	22	1	0	1	1	3	5	2	7	3	10	1	1	1
CTR_MGH.TGGAGGAAGGAATTAC	0	1	1	11	10	1	9	1	1	0	2	2	0	1	2	1	1	1
CTR_MGH.GCCGATGTCAGCCTCT	0	1	1	9	13	1	0	1	1	0	1	1	0	1	1	1	1	1
CTR_MGH.AGTTAGCAGACCCTTA	0	1	1	14	0	1	0	1	1	0	1	1	0	1	1	-1	-1	-1
CTR_MGH.TTTAGTCAGTTGAAGT	0	1	1	1	1	1	0	1	1	0	1	1	8	1	1	1	1	1
CTR_MGH.CAGTTAGGTGCTAGCC	0	1	1	10	23	1	2	1	1	3	6	2	5	2	7	1	1	1
CTR_MGH.TCACACCTCCTGATAG	0	1	1	1	1	1	0	1	1	0	1	1	0	1	1	1	1	1
CTR_MGH.AGGGTGAAGTCGAATA	0	1	1	0	7	1	0	1	1	-1	-1	-1	0	1	6	1	1	1
CTR_MGH.TCCGAAAAGTAAGAGG	0	1	1	0	24	1	0	1	1	0	2	2	0	1	2	1	1	1
CTR_MGH.TCCATCGTCAAAGGAT	0	1	1	0	25	1	2	1	1	-1	-1	-1	5	2	7	1	1	1
CTR_MGH.GAATAGAAGAATAGTC	0	1	1	-1	-1	-1	0	1	1	0	1	1	3	1	1	1	1	1
CTR_MGH.TGGATCATCACGGGCT	0	1	1	9	26	1	0	1	1	1	1	1	-1	-1	-1	1	1	1
CTR_MGH.TAACACGAGTGCACTT	0	1	1	1	8	1	0	1	1	-1	-1	-1	0	1	1	1	1	1
CTR_MGH.CCTCACACAGTAACGG	0	1	1	0	25	1	0	1	1	-1	-1	-1	0	1	4	1	1	1
CTR_MGH.TCACTATGTACGAGCA	-1	-1	-1	11	8	1	0	1	1	0	1	1	0	1	1	1	1	1
CTR_MGH.CGGGTGTAGTGGGAAA	0	1	1	0	27	1	0	1	1	0	2	2	0	1	2	1	1	1
CTR_MGH.TCCACGTGTGATTCAC	0	1	1	0	28	1	0	1	1	2	1	1	-1	-1	-1	1	1	1
CTR_MGH.CTCCCTCAGAGAGCAA	1	1	1	9	13	1	0	1	1	0	1	1	0	1	1	1	1	1
CTR_MGH.TACGTCCAGTCGTCTA	1	1	1	-1	-1	-1	-1	-1	-1	0	1	1	0	1	1	1	1	1
CTR_MGH.CATCCACTCTCATTGT	0	1	1	13	13	1	0	1	1	-1	-1	-1	5	2	7	1	1	1
CTR_MGH.TGTGCGGAGCATGAAT	0	1	1	11	29	1	0	1	1	9	1	1	0	1	1	1	1	1
CTR_MGH.CGTTAGACAGGACATG	0	1	1	0	8	1	0	1	1	0	1	1	0	1	1	1	1	1
CTR_MGH.GTGTTCCTCATGCCGG	-1	-1	-1	9	13	1	2	1	1	0	1	1	0	1	1	1	1	1
CTR_MGH.CTCAGTCTCCCGATCT	0	1	1	0	7	1	0	1	1	10	0	2	0	1	6	1	1	1
CTR_MGH.AGATGCTCAACAACAA	0	1	1	1	30	1	0	1	1	-1	-1	-1	5	2	7	1	1	1
CTR_MGH.AAAGTGACACAAGTGG	7	1	1	0	1	1	0	1	1	0	1	1	0	1	1	1	1	1
CTR_MGH.TGGTAGTCAATACCTG	7	1	1	0	1	1	0	1	1	11	1	1	0	1	1	1	1	1
CTR_MGH.TTTCGATAGTCCTGCG	0	1	1	-1	-1	-1	0	1	1	12	1	1	9	1	0	1	1	1
CTR_MGH.GAGTGAGCAGTAGTTC	0	1	1	0	12	1	0	1	1	1	1	1	0	1	8	1	1	1
CTR_MGH.CACACAACATATGGCT	5	1	1	1	1	1	0	1	1	-1	-1	-1	0	1	1	1	1	1
CTR_MGH.ATTCCATGTGCACGCT	0	1	1	-1	-1	-1	-1	-1	-1	-1	-1	-1	5	2	7	1	1	1
CTR_MGH.GTTCTATTCGCTGCGA	0	1	1	1	1	1	0	1	1	-1	-1	-1	0	1	1	1	1	1
CTR_MGH.TGATGGTCAGCGTTGC	0	1	1	1	1	1	6	1	1	-1	-1	-1	0	1	1	1	1	1
CTR_MGH.CAACCTCTCGCCTTTG	0	1	1	1	1	1	0	1	1	0	1	1	0	1	1	1	1	1
CTR_MGH.CACTAAGCATGAAAGT	0	1	1	10	14	1	4	1	1	3	7	2	5	2	7	1	1	1
CTR_MGH.GAAGCCCAGAATGTTG	-1	-1	-1	9	13	1	0	1	1	0	1	1	0	1	1	1	1	1
CTR_MGH.CTGAGGCCATCACGGC	0	1	1	0	13	1	0	1	1	-1	-1	-1	5	2	7	1	1	1
CTR_MGH.AGTGTTGAGTTTGTCG	0	1	1	-1	-1	-1	-1	-1	-1	-1	-1	-1	5	2	7	1	1	1
CTR_MGH.GCCGTGACAGATAAAC	0	1	1	0	5	1	0	1	1	0	1	1	0	1	1	1	1	1
CTR_MGH.GCCAACGGTATGGAGC	0	1	1	0	8	1	0	1	1	1	2	2	0	1	1	1	1	1
CTR_MGH.CTCCATGGTACTCGCG	8	1	1	5	31	1	0	1	1	-1	-1	-1	5	2	7	1	1	1
CTR_MGH.AATGACCGTCCCACGA	0	1	1	0	24	1	0	1	1	0	2	2	0	1	2	1	1	1
CTR_MGH.CAGAGCCAGCATATGA	0	1	1	3	3	1	0	1	1	-1	-1	-1	10	1	1	1	1	1
CTR_MGH.GTCACTCTCCCAGGCA	-1	-1	-1	1	32	1	0	1	1	-1	-1	-1	5	2	7	1	1	1
CTR_MGH.AATTCCTAGCGCCTTG	0	1	1	-1	-1	-1	2	1	1	-1	-1	-1	0	1	1	1	1	1
CTR_MGH.AAAGGATTCACGATCA	0	1	1	0	24	1	10	1	1	0	2	2	0	1	2	1	1	1
CTR_MGH.CTGTGAATCAGCTTGA	-1	-1	-1	9	13	1	0	2	1	-1	-1	-1	0	1	1	1	1	1
CTR_MGH.TGTTCTAAGTTCCGTA	0	1	1	8	12	1	0	1	1	1	1	1	0	1	8	-1	-1	-1
CTR_MGH.GAATCGTCAAGGAGTC	0	1	1	1	1	1	0	1	1	-1	-1	-1	0	1	1	1	1	1
CTR_MGH.TGGATCATCATTTACC	1	1	1	15	33	1	2	1	1	0	2	2	5	2	7	1	1	1
CTR_MGH.ACAGCCGGTGCGGTAA	0	1	1	10	34	1	0	1	1	-1	-1	-1	5	2	7	1	1	1
CTR_MGH.GATTGGTCAGAGTCTT	6	1	1	10	34	1	0	1	1	3	0	2	5	2	7	1	1	1
CTR_MGH.AGGGCTCGTATAGCTC	0	1	1	-1	-1	-1	0	1	1	12	8	2	9	1	0	1	1	1
CTR_MGH.ACGTACACAGCCGTCA	0	1	1	1	4	2	4	1	1	0	2	2	0	1	11	1	1	1
CTR_MGH.CCTCTAGAGAGGCCAT	0	1	1	0	13	1	0	1	1	0	2	2	0	1	2	1	1	1
CTR_MGH.GTGAGGAGTACCGTCG	0	1	1	1	1	1	0	1	1	0	1	1	0	1	1	1	1	1
CTR_MGH.GCTGAATCAGAACATA	0	1	1	0	12	1	0	1	1	1	1	1	0	1	8	1	1	1
CTR_MGH.TACCTCGAGAAACCAT	0	1	1	1	1	1	-1	-1	-1	0	1	1	0	1	1	1	1	1
CTR_MGH.TGGGCTGCACACAGCC	0	1	1	-1	-1	-1	0	1	1	0	1	1	0	1	6	1	1	1
CTR_MGH.GATCATGAGAGATCGC	0	1	1	0	5	1	0	1	1	0	1	1	0	1	1	1	1	1
CTR_MGH.CAGTGCGGTACCATAC	0	1	1	0	28	1	0	1	1	-1	-1	-1	3	1	1	1	1	1
CTR_MGH.GACTCTCCACACCGAC	0	1	1	0	24	1	0	1	1	0	2	2	0	1	2	1	1	1
CTR_MGH.TGAGGAGGTGACGCCT	0	1	1	16	17	1	0	1	1	0	2	2	0	1	2	1	1	1
CTR_MGH.TAGCACAAGCATTGAA	0	1	1	0	35	1	11	1	1	-1	-1	-1	8	1	12	1	1	1
CTR_MGH.AGCCACGTCATTATCC	0	1	1	0	36	1	0	1	1	-1	-1	-1	0	1	1	1	1	1
CTR_MGH.CTTGATTGTGTTATCG	0	1	1	17	0	1	0	1	1	13	2	2	0	1	8	1	1	1
CTR_MGH.CATTCTAAGGCTAGCA	0	1	1	0	1	1	0	1	1	0	1	1	0	1	1	1	1	1
CTR_MGH.GCAACCGGTGTTACTG	0	1	1	1	1	1	0	1	1	0	1	1	0	1	1	1	1	1
CTR_MGH.GTGTCCTGTTTGACAC	-1	-1	-1	4	6	1	0	1	1	8	0	2	0	1	13	1	1	1
CTR_MGH.GAGTGTTTCGCTTAAG	0	1	1	0	8	1	0	1	1	0	1	1	0	1	1	1	1	1
CTR_MGH.TCCACGTAGCTTGTGT	0	1	1	-1	-1	-1	12	1	1	-1	-1	-1	0	1	6	-1	-1	-1
CTR_MGH.AGCCAGCCACTGCGAC	0	1	1	1	0	1	0	1	1	4	1	1	0	1	1	1	1	1
CTR_MGH.ATTCTTGAGATACGAT	0	1	1	5	31	1	0	1	1	-1	-1	-1	-1	-1	-1	1	1	1
CTR_MGH.TTCCACGGTAGACAGC	-1	-1	-1	0	5	1	0	1	1	-1	-1	-1	0	1	1	1	1	1
CTR_MGH.ATTATCCAGCATACTC	9	1	1	18	8	1	2	1	1	-1	-1	-1	0	1	1	1	1	1
CTR_MGH.GTGTCCTAGGCTCTAT	0	1	1	-1	-1	-1	2	1	1	0	1	1	0	1	1	1	1	1
CTR_MGH.GAGTCATTCGTGGGTC	-1	-1	-1	3	3	1	0	1	1	-1	-1	-1	0	1	1	-1	-1	-1
CTR_MGH.TTTCCTCGTCTGCAAT	0	1	1	1	1	1	0	1	1	0	1	1	0	1	1	1	1	1
CTR_MGH.TCAAGCAAGGTTGGTG	0	1	1	1	4	2	0	1	1	0	2	2	0	1	0	1	1	1
CTR_MGH.GCTACCTCAATCTCGA	0	1	1	0	8	1	0	1	1	0	1	1	0	1	1	1	1	1
CTR_MGH.GTGACGCAGGGCGAAG	6	1	1	8	12	1	0	1	1	1	1	1	0	1	8	1	1	1
CTR_MGH.GTACAACCAGCGCGTT	-1	-1	-1	0	37	1	13	1	1	-1	-1	-1	0	1	1	1	1	1
CTR_MGH.CTTCCGAGTGCCCACA	0	1	1	9	20	0	5	1	1	0	1	1	0	1	1	1	1	1
CTR_MGH.GTGAGTTCACCTTCGT	0	1	1	-1	-1	-1	0	1	1	0	1	1	0	1	1	1	1	1
CTR_MGH.TCACGCTTCGTCCTTG	0	1	1	19	11	1	14	1	1	-1	-1	-1	5	2	7	1	1	1
CTR_MGH.TCCACCAGTGTAAACA	0	1	1	8	12	1	0	1	1	-1	-1	-1	11	1	8	1	1	1
CTR_MGH.CGTAAGTAGTCTCGTA	0	1	1	1	1	1	0	1	1	-1	-1	-1	0	1	1	1	1	1
CTR_MGH.GTGCTTCCATACAGGG	0	1	1	1	1	1	0	1	1	0	1	1	0	1	1	1	1	1
CTR_MGH.CTGTATTTCTTCGATT	0	1	1	1	1	1	0	1	1	-1	-1	-1	0	1	1	1	1	1
CTR_MGH.CATCCACGTTTGGGTT	0	1	1	16	12	1	0	1	1	-1	-1	-1	0	1	8	1	1	1
CTR_MGH.CTCAAGAAGTCGAGGT	-1	-1	-1	3	3	1	0	1	1	0	1	1	0	1	1	1	1	1
CTR_MGH.CTCCTCCCATATAGCC	-1	-1	-1	15	38	1	0	1	1	-1	-1	-1	5	2	7	1	1	1
CTR_MGH.ATCCACCAGGCCACTC	0	1	1	-1	-1	-1	0	1	1	-1	-1	-1	0	1	1	1	1	1
CTR_MGH.TTGTGTTCATTCGGGC	1	1	1	10	34	1	0	1	1	-1	-1	-1	0	1	5	1	1	1
CTR_MGH.TCAGGGCGTTTGTGGT	0	1	1	20	39	1	0	1	1	-1	-1	-1	5	2	7	1	1	1
CTR_MGH.GACCAATTCCCGAATA	0	1	1	-1	-1	-1	0	1	1	-1	-1	-1	0	1	14	1	1	1
CTR_MGH.CATACTTCATAACAGA	1	1	1	-1	-1	-1	0	1	1	0	1	1	0	1	1	1	1	1
CTR_MGH.GTGTCCTGTCGATGCC	0	1	1	-1	-1	-1	0	1	1	0	1	1	0	1	1	1	1	1
CTR_MGH.GTAACACAGTGAGTTA	-1	-1	-1	0	37	1	15	1	1	-1	-1	-1	0	1	1	1	1	1
CTR_MGH.ACACCAAAGGGAGATA	3	1	1	6	10	1	0	1	1	0	2	2	0	1	2	1	1	1
CTR_MGH.GGAATCTCATCACAGT	0	1	1	8	12	1	0	1	1	1	1	1	0	1	8	1	1	1
CTR_MGH.TCACATTCAGCAGAAC	0	1	1	2	1	1	0	1	1	0	1	1	0	1	1	1	1	1
CTR_MGH.CTTTCGGAGCTGAGTG	0	1	1	0	7	1	0	1	1	-1	-1	-1	0	1	6	1	1	1
CTR_MGH.AACGTCAAGTGTGTTC	3	1	1	1	1	1	0	1	1	0	1	1	0	1	1	1	1	1
CTR_MGH.ACAAGCTTCACCGCTT	6	1	1	21	26	1	0	1	1	-1	-1	-1	5	2	7	1	1	1
CTR_MGH.TGCAGGCAGCACCAGA	0	1	1	10	14	1	4	1	1	3	0	2	5	2	7	1	1	1
CTR_MGH.CTACAGATCAACACCA	0	1	1	10	11	1	0	1	1	3	9	2	5	2	7	1	1	1
CTR_MGH.AAAGTGAAGCACTCGC	0	1	1	-1	-1	-1	0	1	1	-1	-1	-1	0	1	6	1	1	1
CTR_MGH.AGGCCACTCGTGGGAA	0	1	1	-1	-1	-1	0	1	1	0	1	1	0	1	1	1	1	1
CTR_MGH.GTTCATTAGGGCCAAT	0	1	1	22	7	1	0	1	1	0	1	1	0	1	6	1	1	1
CTR_MGH.GGTAATCTCTGTGCAA	0	1	1	-1	-1	-1	0	1	1	-1	-1	-1	5	2	7	1	1	1
CTR_MGH.CTTCCGACAATTAGGA	0	1	1	0	2	1	0	1	1	12	1	1	3	1	1	1	1	1
CTR_MGH.ATGGGAGCACTGTGAT	0	1	1	0	27	1	0	1	1	0	2	2	0	1	2	1	1	1
CTR_MGH.CTATAGGGTGGTCCCA	0	1	1	-1	-1	-1	0	1	1	0	1	1	6	1	1	1	1	1
CTR_MGH.TAGCACATCAGCAGAG	3	1	1	5	40	1	2	1	1	-1	-1	-1	5	2	7	1	1	1
CTR_MGH.TTTACGTTCCAAGGGA	0	1	1	1	1	1	0	1	1	0	1	1	0	1	1	1	1	1
CTR_MGH.GCAGGCTGTCTGGTTA	0	1	1	0	8	1	0	1	1	-1	-1	-1	-1	-1	-1	1	1	1
CTR_MGH.GTGAGCCTCGATTGGT	0	1	1	8	12	1	0	1	1	14	1	1	0	1	8	1	1	1
CTR_MGH.TCTAACTGTTCGGCCA	0	1	1	16	23	1	4	1	1	-1	-1	-1	5	2	7	1	1	1
CTR_MGH.TCTTTGATCCGCAAAT	0	1	1	0	8	1	0	1	1	0	1	1	0	1	1	1	1	1
CTR_MGH.TCGACGGGTAAGTCAA	-1	-1	-1	9	13	1	0	1	1	0	1	1	0	1	1	1	1	1
CTR_MGH.CGGGACTCAACAACAA	0	1	1	-1	-1	-1	0	1	1	-1	-1	-1	5	2	7	1	1	1
CTR_MGH.TGCATCCTCCATGCAA	0	1	1	3	3	1	0	1	1	0	1	1	4	1	1	1	1	1
CTR_MGH.GTCTCACCATGACGTT	0	1	1	10	11	1	0	1	1	3	2	2	5	2	7	1	1	1
CTR_MGH.GGGCCATTCGAGCACC	0	1	1	3	3	1	0	1	1	-1	-1	-1	0	1	1	1	1	1
CTR_MGH.CTCAGAAAGATCGACG	-1	-1	-1	-1	-1	-1	0	1	1	-1	-1	-1	5	2	7	1	1	1
CTR_MGH.AGGTGTTAGGCGTTGA	0	1	1	0	10	1	2	1	1	1	2	2	0	1	2	1	1	1
CTR_MGH.ACCTGAACAAGGCGTA	10	1	1	10	34	1	2	1	1	-1	-1	-1	5	2	7	1	1	1
CTR_MGH.CTACATTCAGCTGTGC	0	1	1	-1	-1	-1	2	1	1	3	10	2	5	2	7	1	1	1
CTR_MGH.TCACGCTGTTGCTCAA	0	1	1	1	1	1	0	1	1	0	1	1	0	1	1	1	1	1
CTR_MGH.CTGTCGTAGCTATCTG	0	1	1	-1	-1	-1	0	1	1	1	1	1	-1	-1	-1	1	1	1
CTR_MGH.GAAGCCCTCTTGCGCT	0	1	1	1	1	1	0	1	1	-1	-1	-1	0	1	1	1	1	1
CTR_MGH.GTCAAGTAGTATAGGT	-1	-1	-1	23	26	1	0	1	1	0	1	1	4	1	1	1	1	1
CTR_MGH.GCACGGTAGGGCAATC	0	1	1	4	6	1	0	1	1	-1	-1	-1	0	1	14	1	1	1
CTR_MGH.ATCCTATTCAACTGAC	-1	-1	-1	1	7	1	0	1	1	-1	-1	-1	0	1	6	1	1	1
CTR_MGH.CGTCAAAGTGCTATTG	0	1	1	4	6	1	0	1	1	2	4	2	0	1	13	1	1	1
CTR_MGH.ATCATTCTCATTGCTT	0	1	1	1	1	1	0	1	1	1	1	1	0	1	1	1	1	1
CTR_MGH.TAAGTCGAGCACTGGA	0	1	1	11	1	1	0	1	1	-1	-1	-1	0	1	1	1	1	1
CTR_MGH.AGCGCCACATCCTCAC	0	1	1	0	41	1	0	1	1	-1	-1	-1	5	2	7	1	1	1
CTR_MGH.AAAGTGAGTCGAATTC	0	1	1	16	12	1	0	1	1	-1	-1	-1	0	1	8	1	1	1
CTR_MGH.CTCCCTCCATGGACAG	0	1	1	0	5	1	0	1	1	-1	-1	-1	0	1	1	1	1	1
CTR_MGH.TGTCCTGCACAAGCAG	0	1	1	1	5	1	0	1	1	1	1	1	0	1	1	1	1	1
CTR_MGH.GTCTTTATCCTGCTAC	3	1	1	0	10	1	3	1	1	0	2	2	0	1	2	1	1	1
CTR_MGH.CTCTCGATCGATACGT	0	1	1	4	6	1	0	1	1	0	3	2	0	1	5	1	1	1
CTR_MGH.AGGCCACGTTAGTCGT	1	1	1	1	32	1	0	1	1	-1	-1	-1	5	2	7	1	1	1
CTR_MGH.CGGGCATTCCATACAG	-1	-1	-1	24	42	1	0	1	1	0	1	1	0	1	1	1	1	1
CTR_MGH.AGGTTGTCAACAGAGC	0	1	1	1	10	1	0	1	1	0	2	2	-1	-1	-1	1	1	1
CTR_MGH.TAGGTTGAGAAGTATC	0	1	1	0	1	1	0	1	1	-1	-1	-1	12	1	1	1	1	1
CTR_MGH.GGTTGTAAGCGTGTCC	0	1	1	0	8	1	0	1	1	-1	-1	-1	0	1	1	1	1	1
CTR_MGH.AACACACCAAATGGAT	0	1	1	0	1	1	0	1	1	0	1	1	0	1	1	1	1	1
CTR_MGH.TTCTTGAAGTCCCGGT	0	1	1	0	1	1	0	1	1	1	1	1	0	1	1	1	1	1
CTR_MGH.TGATCTTAGGCGACAT	0	1	1	1	43	1	16	1	1	0	1	1	0	1	1	1	1	1
CTR_MGH.AAAGAACTCCATCGTC	0	1	1	0	1	1	0	1	1	-1	-1	-1	0	1	1	1	1	1
CTR_MGH.GGCTTTCCAGTTGCGC	0	1	1	3	3	1	0	3	2	-1	-1	-1	4	1	1	1	1	1
CTR_MGH.GCGATCGCAGCAAGAC	0	1	1	-1	-1	-1	0	1	1	-1	-1	-1	0	1	1	1	1	1
CTR_MGH.AGAGAATTCCTCGCAT	1	1	1	-1	-1	-1	0	1	1	-1	-1	-1	0	1	6	1	1	1
CTR_MGH.TGGTTAGCAGGGATAC	0	1	1	7	11	1	-1	-1	-1	-1	-1	-1	5	2	7	1	1	1
CTR_MGH.TATCAGGCACCGCTAG	0	1	1	0	27	1	0	1	1	0	2	2	0	1	2	1	1	1
CTR_MGH.TCATGGATCTGTGCGG	1	1	1	6	5	1	0	1	1	0	1	1	4	1	1	1	1	1
CTR_MGH.CAAGAGGAGCCTCACG	1	1	1	10	22	1	0	1	1	3	5	2	7	3	10	1	1	1
CTR_MGH.CGCAGGTCATCGCTCT	0	1	1	9	20	0	0	1	1	-1	-1	-1	0	1	1	1	1	1
CTR_MGH.AGACAGGAGAGCTGCA	0	1	1	1	1	1	0	1	1	-1	-1	-1	0	1	1	1	1	1
CTR_MGH.AGGGCCTGTGTTTCTT	11	1	1	0	44	1	0	1	1	0	1	1	0	1	1	1	1	1
CTR_MGH.GCATCGGCAGACCATT	0	1	1	-1	-1	-1	0	1	1	-1	-1	-1	5	2	7	1	1	1
CTR_MGH.CACTGAACAAATGCTC	0	1	1	0	10	1	0	1	1	0	2	2	0	1	2	1	1	1
CTR_MGH.ACTGCAACAAAGGCTG	0	1	1	0	1	1	0	1	1	0	1	1	0	1	1	1	1	1
CTR_MGH.CCACGAGCATAAGCGG	0	1	1	1	1	1	0	1	1	0	1	1	0	1	1	1	1	1
CTR_MGH.AGGCCACAGATGAACT	1	1	1	9	45	1	2	1	1	4	0	2	0	1	9	1	1	1
CTR_MGH.CTTCAATCACTGTGTA	0	1	1	0	2	1	0	1	1	8	1	1	0	1	1	1	1	1
CTR_MGH.GCATTAGTCTTGTGCC	0	1	1	-1	-1	-1	0	1	1	-1	-1	-1	0	1	1	1	1	1
CTR_MGH.TGCGGGTGTCACCCTT	0	1	1	1	1	1	0	1	1	0	1	1	0	1	1	1	1	1
CTR_MGH.ACTATCTTCCGCGGAT	0	1	1	1	1	1	0	1	1	0	1	1	0	1	1	1	1	1
CTR_MGH.AACCATGTCTATCGCC	0	1	1	-1	-1	-1	0	1	1	0	1	1	0	1	1	1	1	1
CTR_MGH.AGACAAAAGAACTCCT	0	1	1	-1	-1	-1	0	1	1	-1	-1	-1	5	2	7	1	1	1
CTR_MGH.CCACCATGTACCGGCT	0	1	1	0	5	1	0	1	1	0	1	1	0	1	1	1	1	1
CTR_MGH.TAGGAGGTCTGCTCTG	12	1	1	1	1	1	0	1	1	0	1	1	0	1	1	1	1	1
CTR_MGH.GGTAGAGCATCTAGAC	0	1	1	5	46	1	0	1	1	-1	-1	-1	5	2	7	1	1	1
CTR_MGH.GTGGAAGTCATCGGGC	0	1	1	1	2	1	-1	-1	-1	-1	-1	-1	0	1	1	1	1	1
CTR_MGH.ATTCTACTCAACGCTA	0	1	1	9	26	1	0	1	1	1	1	1	0	1	1	1	1	1
CTR_MGH.GGGACAATCGTGGGAA	0	1	1	0	2	1	0	1	1	0	1	1	0	1	1	1	1	1
CTR_MGH.GCGTGCATCCACCCTA	0	1	1	3	3	1	0	1	1	-1	-1	-1	0	1	1	1	1	1
CTR_MGH.CTCGAGGTCGCTGCGA	0	1	1	1	27	1	0	1	1	0	2	2	0	1	2	1	1	1
CTR_MGH.AGTGATCTCAGTGCGC	0	1	1	15	11	1	0	1	1	-1	-1	-1	5	2	7	1	1	1
CTR_MGH.CGGGTGTTCGTTCTAT	0	1	1	0	47	1	2	1	1	0	1	1	4	1	1	1	1	1
CTR_MGH.TGAGGGACAATACAGA	0	1	1	0	10	1	0	1	1	0	2	2	0	1	2	1	1	1
CTR_MGH.TTGGTTTCAAGAATGT	0	1	1	9	20	0	0	1	1	-1	-1	-1	-1	-1	-1	1	1	1
CTR_MGH.GAAGCCCGTGTTGCCG	0	1	1	5	5	1	0	1	1	-1	-1	-1	5	2	7	1	1	1
CTR_MGH.ATGCATGCATCAGCTA	0	1	1	13	13	1	0	1	1	-1	-1	-1	5	2	7	1	1	1
CTR_MGH.ATGGATCGTGTCTAAC	0	1	1	1	2	1	2	1	1	0	1	1	0	1	1	1	1	1
CTR_MGH.AGTAGCTGTTGCTCGG	0	1	1	-1	-1	-1	17	1	1	-1	-1	-1	0	1	1	1	1	1
CTR_MGH.TGAATCGGTCGAACGA	0	1	1	-1	-1	-1	0	1	1	-1	-1	-1	0	1	6	1	1	1
CTR_MGH.GCACTAAGTCGATTTG	0	1	1	0	8	1	0	1	1	15	1	1	0	1	1	1	1	1
CTR_MGH.TAAGCGTGTTGCCGAC	0	1	1	1	1	1	2	1	1	1	1	1	0	1	1	1	1	1
CTR_MGH.GTCGTAACAGAGTCAG	0	1	1	9	20	0	5	1	1	0	1	1	0	1	1	1	1	1
CTR_MGH.CTAACTTAGCATACTC	7	1	1	9	20	0	0	1	1	5	1	1	0	1	1	1	1	1
CTR_MGH.CTCAGGGGTCTGCATA	-1	-1	-1	15	48	1	0	1	1	-1	-1	-1	5	2	7	1	1	1
CTR_MGH.GCCGATGGTGTCGATT	0	1	1	-1	-1	-1	2	1	1	-1	-1	-1	0	1	1	1	1	1
CTR_MGH.GTCATCCTCTCCTACG	0	1	1	17	13	1	-1	-1	-1	0	2	2	0	1	8	1	1	1
CTR_MGH.TACCTCGCATTAGGAA	0	1	1	-1	-1	-1	0	1	1	0	1	1	0	1	6	1	1	1
CTR_MGH.GGAGAACTCTTGGCTC	-1	-1	-1	9	20	0	5	1	1	0	1	1	0	1	1	-1	-1	-1
CTR_MGH.CATCGCTGTGAGAACC	0	1	1	0	27	1	0	1	1	0	2	2	0	1	2	1	1	1
CTR_MGH.CCTGTTGCATATCGGT	0	1	1	0	11	1	0	1	1	0	1	1	0	1	1	1	1	1
CTR_MGH.AGCCACGCAAATGGTA	0	1	1	9	20	0	0	1	1	0	1	1	8	1	1	1	1	1
CTR_MGH.ACTTAGGTCTTTGCAT	13	1	1	9	13	1	0	1	1	-1	-1	-1	6	1	1	1	1	1
CTR_MGH.GGGATCCGTGTTCGAT	0	1	1	0	8	1	0	1	1	-1	-1	-1	0	1	1	1	1	1
CTR_MGH.GTGCTTCCATAATGCC	3	1	1	0	8	1	0	1	1	-1	-1	-1	0	1	1	1	1	1
CTR_MGH.CGGGTGTGTTCACGAT	0	1	1	-1	-1	-1	18	1	1	16	11	2	13	1	0	1	1	1
CTR_MGH.CCACCATTCACCATGA	-1	-1	-1	0	5	1	2	1	1	1	1	1	0	1	1	1	1	1
CTR_MGH.AGGTGTTTCAGCGCAC	0	1	1	9	20	0	0	1	1	0	1	1	0	1	1	1	1	1
CTR_MGH.TCATGAGGTCAGTCCG	0	1	1	0	1	1	0	1	1	1	1	1	0	1	1	1	1	1
CTR_MGH.GACACGCAGATCACTC	3	1	1	0	10	1	-1	-1	-1	0	2	2	0	1	2	1	1	1
CTR_MGH.AACCATGTCAAGTGTC	0	1	1	3	3	1	0	1	1	0	12	2	0	1	0	1	1	1
CTR_MGH.TGCCGAGTCCACTGGG	0	1	1	-1	-1	-1	0	1	1	-1	-1	-1	0	1	1	1	1	1
CTR_MGH.AGGTCTACATTCACAG	0	1	1	13	23	1	0	1	1	-1	-1	-1	3	1	1	1	1	1
CTR_MGH.GATTCGAAGCCTTGAT	0	1	1	1	1	1	0	1	1	1	1	1	0	1	1	1	1	1
CTR_MGH.TGCTCCAAGCCGAACA	0	1	1	0	10	1	0	1	1	0	2	2	0	1	2	1	1	1
CTR_MGH.TTCCTCTGTGTGGTCC	0	1	1	11	1	1	0	1	1	0	1	1	0	1	1	1	1	1
CTR_MGH.TACTTACCACTTCAGA	0	1	1	-1	-1	-1	-1	-1	-1	3	13	2	5	2	7	1	1	1
CTR_MGH.TTCGGTCTCTTACCAT	0	1	1	-1	-1	-1	0	1	1	1	4	2	0	1	1	1	1	1
CTR_MGH.GTCGTAACAAGTGGTG	1	1	1	0	10	1	0	1	1	0	2	2	0	1	2	1	1	1
CTR_MGH.CCTTCAGGTGAGCTCC	0	1	1	15	49	1	0	1	1	-1	-1	-1	5	2	7	1	1	1
CTR_MGH.CTGAGCGCACCTTCGT	0	1	1	1	1	1	2	1	1	-1	-1	-1	0	1	1	1	1	1
CTR_MGH.TATCTTGCACCAATTG	0	1	1	3	3	1	1	1	1	-1	-1	-1	5	2	7	1	1	1
CTR_MGH.AGACCATTCATCGCCT	0	1	1	9	26	1	4	1	1	1	1	1	-1	-1	-1	1	1	1
CTR_MGH.TAACGACTCGCTTGAA	0	1	1	0	8	1	0	1	1	0	1	1	0	1	1	1	1	1
CTR_MGH.AAAGTCCAGCAACAAT	0	1	1	9	13	1	4	1	1	-1	-1	-1	0	1	1	1	1	1
CTR_MGH.TCCCAGTGTAGACAAT	0	1	1	7	11	1	-1	-1	-1	-1	-1	-1	5	2	7	1	1	1
CTR_MGH.TTCCTTCGTCGTAATC	3	1	1	0	5	1	0	1	1	-1	-1	-1	5	2	7	1	1	1
CTR_MGH.TCTCCGATCATCTATC	0	1	1	9	13	1	0	1	1	0	14	2	0	1	9	1	1	1
CTR_MGH.AGGGTCCCACGGATCC	0	1	1	0	12	1	0	1	1	-1	-1	-1	0	1	5	1	1	1
CTR_MGH.GTGTAACCATGGCCAC	0	1	1	-1	-1	-1	0	1	1	-1	-1	-1	0	1	1	1	1	1
CTR_MGH.AGCCAGCAGCCATATC	0	1	1	1	1	1	0	1	1	-1	-1	-1	0	1	1	1	1	1
CTR_MGH.AGTTCGAAGTATAGGT	0	1	1	0	8	1	2	1	1	-1	-1	-1	0	1	1	-1	-1	-1
CTR_MGH.ATCGATGTCGCGTGAC	0	1	1	0	50	1	0	1	1	-1	-1	-1	5	2	7	1	1	1
CTR_MGH.ATCCACCAGCGCATCC	0	1	1	9	13	1	0	1	1	0	1	1	14	1	1	1	1	1
CTR_MGH.GCTCAAATCGCGCCAA	0	1	1	0	8	1	0	1	1	0	1	1	0	1	1	1	1	1
CTR_MGH.GCTGAATTCAGAGTGG	0	1	1	1	4	2	0	1	1	0	2	2	0	1	0	1	1	1
CTR_MGH.CTCCTCCAGTAAGACT	0	1	1	0	5	1	0	1	1	-1	-1	-1	0	1	1	1	1	1
CTR_MGH.TGCAGATCATCGGAGA	0	1	1	0	5	1	0	1	1	-1	-1	-1	5	2	7	1	1	1
CTR_MGH.GATGCTACATCCCGTT	0	1	1	0	8	1	0	1	1	0	1	1	0	1	1	1	1	1
CTR_MGH.CTGTACCCAGCCGGTT	0	1	1	-1	-1	-1	-1	-1	-1	3	15	2	0	1	15	1	1	1
CTR_MGH.GAGTTTGTCGTGGCGT	0	1	1	3	3	1	0	1	1	-1	-1	-1	15	1	0	1	1	1
CTR_MGH.ACCAAACTCTATACTC	0	1	1	3	3	1	0	1	1	1	1	1	0	1	1	1	1	1
CTR_MGH.TAATTCCAGCGAGGAG	0	1	1	-1	-1	-1	0	1	1	17	16	2	-1	-1	-1	1	1	1
CTR_MGH.TTCCGTGTCCGCCTAT	0	1	1	9	20	0	5	1	1	0	1	1	0	1	1	1	1	1
CTR_MGH.GACCTTCAGGAGGGTG	0	1	1	10	11	1	0	1	1	3	17	2	0	1	0	1	1	1
CTR_MGH.CTCACTGCAGCAGATG	1	1	1	0	10	1	0	1	1	0	2	2	0	1	2	1	1	1
CTR_MGH.CTGTGAATCCCGTTCA	3	1	1	0	10	1	0	1	1	0	1	1	0	1	2	1	1	1
CTR_MGH.CTCAGGGCAGCTCATA	0	1	1	0	12	1	2	1	1	1	1	1	0	1	8	1	1	1
CTR_MGH.AAAGTGAAGAGGGTAA	0	1	1	0	51	1	0	1	1	0	1	1	4	1	1	1	1	1
CTR_MGH.TTGGGTATCGGCTGAC	0	1	1	9	13	1	0	1	1	0	1	1	0	1	1	1	1	1
CTR_MGH.AGTCACAAGCTGGCCT	-1	-1	-1	4	6	1	0	1	1	0	4	2	0	1	13	1	1	1
CTR_MGH.AGGTCTATCCCAAGTA	0	1	1	0	8	1	0	1	1	-1	-1	-1	0	1	1	1	1	1
CTR_MGH.CCGAACGTCCACACAA	0	1	1	1	1	1	0	1	1	0	1	1	0	1	1	1	1	1
CTR_MGH.GGAGATGCAGACATCT	0	1	1	4	6	1	19	1	1	-1	-1	-1	0	1	0	1	1	1
CTR_MGH.CATTCATTCCTCAGAA	0	1	1	25	52	1	0	1	1	0	1	1	4	1	1	1	1	1
CTR_MGH.TCACTCGAGGGCCAAT	0	1	1	0	53	1	0	1	1	0	1	1	0	1	1	1	1	1
CTR_MGH.AGATGCTAGGCACAAC	0	1	1	1	1	1	0	1	1	0	1	1	0	1	1	1	1	1
CTR_MGH.AGGTGTTGTAGCACAG	0	1	1	-1	-1	-1	5	1	1	-1	-1	-1	0	1	1	1	1	1
CTR_MGH.GTCGCGATCAAGTAAG	1	1	1	19	13	1	14	1	1	-1	-1	-1	0	1	0	1	1	1
CTR_MGH.AGACCATCACCCAACG	0	1	1	4	6	1	0	1	1	17	18	2	0	1	16	1	1	1
CTR_MGH.CAGTTCCGTAGGGAGG	0	1	1	-1	-1	-1	0	1	1	-1	-1	-1	0	1	1	1	1	1
CTR_MGH.TCAGGTAGTTACCTTT	0	1	1	0	12	1	0	1	1	1	1	1	0	1	8	1	1	1
CTR_MGH.GATAGAATCTTTGCGC	0	1	1	-1	-1	-1	2	1	1	0	1	1	0	1	1	1	1	1
CTR_MGH.AGAGCAGCAAGGCAAC	0	1	1	4	6	1	0	1	1	17	16	2	-1	-1	-1	1	1	1
CTR_MGH.AAAGGTATCTACCAGA	0	1	1	3	3	1	0	1	1	1	0	2	0	1	17	1	1	1
CTR_MGH.GTCTACCGTTCAGCTA	-1	-1	-1	4	6	1	0	1	1	-1	-1	-1	0	1	13	1	1	1
CTR_MGH.GCAGGCTAGCCTCTTC	0	1	1	-1	-1	-1	0	1	1	0	1	1	0	1	1	1	1	1
CTR_MGH.TGAATCGGTGTGTGGA	0	1	1	-1	-1	-1	0	1	1	9	1	1	0	1	1	1	1	1
CTR_MGH.CTTCTCTCAGATCACT	0	1	1	9	13	1	0	1	1	0	1	1	6	1	1	1	1	1
CTR_MGH.GGGACAACAGTCGGAA	0	1	1	9	13	1	0	1	1	-1	-1	-1	6	1	1	1	1	1
CTR_MGH.TGGTGATAGCTCTATG	0	1	1	5	0	1	0	1	1	-1	-1	-1	5	2	7	1	1	1
CTR_MGH.GTTACCCAGCCTCAAT	-1	-1	-1	-1	-1	-1	0	1	1	1	1	1	0	1	1	1	1	1
CTR_MGH.TCGAACATCTGTGCTC	5	1	1	9	20	0	0	1	1	-1	-1	-1	0	1	1	1	1	1
CTR_MGH.CAAGCTATCGTGTCAA	14	1	1	9	13	1	0	1	1	18	1	1	0	1	1	1	1	1
CTR_MGH.CGAGTGCAGTACAGCG	0	1	1	0	13	1	0	1	1	-1	-1	-1	5	2	7	1	1	1
CTR_MGH.TCCATCGTCTACGGGC	0	1	1	1	1	1	0	1	1	0	1	1	0	1	1	1	1	1
CTR_MGH.TTCGGTCAGTGATGGC	0	1	1	1	1	1	2	1	1	0	1	1	0	1	1	1	1	1
CTR_MGH.TAGCACATCACCTGTC	0	1	1	-1	-1	-1	0	1	1	0	1	1	-1	-1	-1	1	1	1
CTR_MGH.ATTCAGGGTGATACCT	0	1	1	0	1	1	0	1	1	-1	-1	-1	0	1	1	1	1	1
CTR_MGH.TGATCAGGTAACAAGT	15	1	1	2	8	1	2	1	1	0	1	1	0	1	1	1	1	1
CTR_MGH.TACTTGTCACAGACGA	0	1	1	4	6	1	0	1	1	17	16	2	0	1	4	1	1	1
CTR_MGH.TCGAAGTTCGAAACAA	0	1	1	0	12	1	12	1	1	1	1	1	0	1	8	1	1	1
CTR_MGH.CTAGACACACATAGCT	1	1	1	1	1	1	0	1	1	19	1	1	0	1	1	1	1	1
CTR_MGH.TTTACGTCAATGTGGG	0	1	1	-1	-1	-1	-1	-1	-1	-1	-1	-1	0	1	6	1	1	1
CTR_MGH.GCCATGGAGCGCTGAA	0	1	1	0	12	1	0	1	1	1	1	1	0	1	5	1	1	1
CTR_MGH.GGAATGGAGAAGTCCG	0	1	1	-1	-1	-1	0	1	1	-1	-1	-1	0	1	8	1	1	1
CTR_MGH.CGAGGCTCAGCCTTCT	0	1	1	0	7	1	20	1	1	-1	-1	-1	0	1	6	1	1	1
CTR_MGH.TCACTCGAGGCCTGCT	6	1	1	4	6	1	0	1	1	8	19	2	0	1	13	1	1	1
CTR_MGH.TGCTCCAAGGGAGTGG	0	1	1	1	5	1	0	1	1	0	2	2	0	1	0	1	1	1
CTR_MGH.ATTCCATCACGCACCA	1	1	1	1	13	1	0	1	1	9	1	1	0	1	1	1	1	1
CTR_MGH.TGGGAAGCAGAGACTG	0	1	1	0	8	1	0	1	1	0	1	1	0	1	1	1	1	1
CTR_MGH.GGAGATGGTTGGATCT	0	1	1	0	1	1	0	1	1	-1	-1	-1	0	1	1	1	1	1
CTR_MGH.AAACCCACAATTTCCT	0	1	1	-1	-1	-1	0	1	1	-1	-1	-1	-1	-1	-1	1	1	1
CTR_MGH.ATTTCACGTAAGTCAA	0	1	1	26	54	1	0	1	1	4	1	1	0	1	1	1	1	1
CTR_MGH.GTTAGTGGTACCAATC	0	1	1	-1	-1	-1	0	1	1	0	1	1	0	1	1	1	1	1
CTR_MGH.TTTAGTCCAATTGAGA	0	1	1	0	55	1	2	1	1	0	1	1	0	1	1	1	1	1
CTR_MGH.TCTGTCGCAGAACTTC	1	1	1	15	13	1	0	1	1	-1	-1	-1	5	2	7	1	1	1
CTR_MGH.CCGAACGCATCGCTCT	-1	-1	-1	9	20	0	5	1	1	14	1	1	0	1	1	-1	-1	-1
CTR_MGH.CTCCAACGTTCACGAT	0	1	1	0	10	1	0	1	1	0	2	2	0	1	2	1	1	1
CTR_MGH.GTCTAGATCGCTATTT	0	1	1	-1	-1	-1	0	1	1	0	1	1	0	1	1	1	1	1
CTR_MGH.CATAAGCCAGTAGTTC	0	1	1	-1	-1	-1	0	1	1	0	1	1	0	1	6	1	1	1
CTR_MGH.AGTGACTGTCACGCTG	0	1	1	-1	-1	-1	2	1	1	0	1	1	0	1	1	1	1	1
CTR_MGH.CAGTTAGAGACTAGAT	-1	-1	-1	-1	-1	-1	2	1	1	-1	-1	-1	0	1	1	1	1	1
CTR_MGH.CCAAGCGTCTGAGATC	0	1	1	1	1	1	0	1	1	-1	-1	-1	0	1	1	1	1	1
CTR_MGH.TCGGGTGGTGGCGCTT	1	1	1	10	45	1	0	1	1	-1	-1	-1	5	2	7	1	1	1
CTR_MGH.AAACCCACAAGTTCCA	0	1	1	-1	-1	-1	0	1	1	-1	-1	-1	5	2	7	1	1	1
CTR_MGH.CCTTTGGCAAGCTGTT	0	1	1	-1	-1	-1	0	1	1	-1	-1	-1	5	2	7	1	1	1
CTR_MGH.ACCATTTTCCAAGAGG	0	1	1	9	20	0	5	1	1	0	1	1	-1	-1	-1	1	1	1
CTR_MGH.TCATTTGGTAGAGACC	0	1	1	9	20	0	0	1	1	0	1	1	0	1	1	1	1	1
CTR_MGH.ACTATCTTCACTGGTA	0	1	1	1	56	1	0	1	1	9	1	1	0	1	1	1	1	1
CTR_MGH.CCATCACGTCTGTAAC	0	1	1	1	1	1	0	1	1	-1	-1	-1	0	1	1	1	1	1
CTR_MGH.TATTGCTTCCCGTTGT	0	1	1	9	26	1	0	1	1	-1	-1	-1	-1	-1	-1	1	1	1
CTR_MGH.GTGTTCCTCCATCGTC	0	1	1	0	10	1	0	1	1	1	2	2	0	1	2	1	1	1
CTR_MGH.TACACCCTCGACATAC	0	1	1	0	1	1	0	1	1	0	1	1	0	1	1	1	1	1
CTR_MGH.TGCAGGCAGGACTATA	0	1	1	10	11	1	0	1	1	3	3	2	0	1	0	1	1	1
CTR_MGH.CTCCAACTCCTACGAA	0	1	1	-1	-1	-1	0	1	1	-1	-1	-1	5	2	7	1	1	1
CTR_MGH.GTGGAGATCTCTTGCG	-1	-1	-1	0	8	1	0	1	1	0	1	1	3	1	1	1	1	1
CTR_MGH.ATTCAGGGTACGTACT	0	1	1	6	57	1	0	1	1	0	1	1	4	1	1	1	1	1
CTR_MGH.GATTCGAAGAAGTCTA	0	1	1	0	8	1	0	1	1	0	1	1	0	1	1	1	1	1
CTR_MGH.GAGCCTGCATCCTTGC	0	1	1	27	10	1	0	1	1	0	2	2	0	1	2	1	1	1
CTR_MGH.TTTAGTCCAATCGTCA	0	1	1	0	2	1	0	1	1	0	1	1	0	1	1	1	1	1
CTR_MGH.GAGATGGAGGAGCAAA	0	1	1	-1	-1	-1	0	1	1	-1	-1	-1	0	1	1	1	1	1
CTR_MGH.GCACGGTCACGACGTC	1	1	1	5	58	1	0	1	1	-1	-1	-1	5	2	7	1	1	1
CTR_MGH.GCCTGTTTCCTCTTTC	-1	-1	-1	1	1	1	2	1	1	0	1	1	0	1	1	1	1	1
CTR_MGH.CCACTTGGTCAAGCCC	0	1	1	0	0	1	0	1	1	0	2	2	0	1	2	1	1	1
CTR_MGH.GCGGATCTCCGTGACG	0	1	1	0	1	1	0	1	1	-1	-1	-1	0	1	1	1	1	1
CTR_MGH.GTGCTTCGTAGGCTCC	0	1	1	9	13	1	0	1	1	0	1	1	0	1	1	1	1	1
CTR_MGH.CCCTTAGAGGCCACCT	0	1	1	0	10	1	0	1	1	0	2	2	0	1	2	1	1	1
CTR_MGH.CCCAACTGTTTGTTCT	6	1	1	-1	-1	-1	2	1	1	0	2	2	0	1	1	1	1	1
CTR_MGH.GTTCCGTGTTGTCCCT	1	1	1	15	13	1	0	1	1	-1	-1	-1	3	1	4	1	1	1
CTR_MGH.GGTAACTTCCACGGAC	0	1	1	-1	-1	-1	2	1	1	-1	-1	-1	0	1	1	1	1	1
