	Tumor	sampleID	cellBC	intBC	allele	r1	r2	r3	lineageGrp	UMI	readCount	Cell_Clone
78870	GEM_RT_12	GEM_RT	GEM_RT.CCGGGTATCACCTCAC	TTAGTGCAACACG	GCCGA[113:10D]GACAACATGT[166:3D]TCTGGTTCGC[None]GGAGG	GCCGA[113:10D]GACAA	CATGT[166:3D]TCTGG	TTCGC[None]GGAGG	12	10	3271	C2
78871	GEM_RT_12	GEM_RT	GEM_RT.AGTGATCAGTCGAAGC	CCTCAAACGAGAT	AAAAA[117:1I]ATGGCCACGAT[166:2D]CTCTGTTCGC[None]GGAGG	AAAAA[117:1I]ATGGCC	ACGAT[166:2D]CTCTG	TTCGC[None]GGAGG	12	20	10905	C2
78872	GEM_RT_12	GEM_RT	GEM_RT.ACCCTCACAAAGGCGT	CCTCAAACGAGAT	CGAAA[None]AATGGACGAT[166:2D]CTCTGCGTGG[225:12D]TTCGT	CGAAA[None]AATGG	ACGAT[166:2D]CTCTG	CGTGG[225:12D]TTCGT	12	36	18480	C2
78873	GEM_RT_12	GEM_RT	GEM_RT.CCGGGTATCACCTCAC	GGTAGGGGTTAGG	CGAAA[None]AATGGATATC[169:11D]CGTGAATTCG[222:2D]GAGGA	CGAAA[None]AATGG	ATATC[169:11D]CGTGA	ATTCG[222:2D]GAGGA	12	29	12752	C2
78874	GEM_RT_12	GEM_RT	GEM_RT.ACCCTCACAAAGGCGT	TTAGTGCAACACG	AAAAA[117:1I]ATGGCCGATAT[168:4D]GGTTCTTCGC[None]GGAGG	AAAAA[117:1I]ATGGCC	GATAT[168:4D]GGTTC	TTCGC[None]GGAGG	12	22	9460	C2
78875	GEM_RT_12	GEM_RT	GEM_RT.TCTGTCGGTGCCTTTC	TTAGTGCAACACG	CGAAA[None]AATGGATATC[None]TCTGGTTCGC[None]GGAGG	CGAAA[None]AATGG	ATATC[None]TCTGG	TTCGC[None]GGAGG	12	6	1924	C2
78876	GEM_RT_12	GEM_RT	GEM_RT.TCTGTCGGTGCCTTTC	GGTAGGGGTTAGG	CGAAA[None]AATGGAACGA[165:20D]CCGAATTCGC[None]GGAGG	CGAAA[None]AATGG	AACGA[165:20D]CCGAA	TTCGC[None]GGAGG	12	12	5690	C2
78877	GEM_RT_12	GEM_RT	GEM_RT.CATACCCAGAAGGGAT	GGTAGGGGTTAGG	CGAAA[None]AATGGAATGC[None]TCTGGTTCGC[None]GGAGG	CGAAA[None]AATGG	AATGC[None]TCTGG	TTCGC[None]GGAGG	12	42	19019	C2
78878	GEM_RT_12	GEM_RT	GEM_RT.CTCAACCCAAGGTACG	CCTCAAACGAGAT	CGAAA[None]AATGGACGAT[166:2D]CTCTGTTCGC[None]GGAGG	CGAAA[None]AATGG	ACGAT[166:2D]CTCTG	TTCGC[None]GGAGG	12	20	9322	C2
78879	GEM_RT_12	GEM_RT	GEM_RT.AACCAACAGCATCCTA	GGTAGGGGTTAGG	CGAAA[None]AATGGATATC[169:11D]CGTGAATGTC[196:56D]TTCCG	CGAAA[None]AATGG	ATATC[169:11D]CGTGA	ATGTC[196:56D]TTCCG	12	58	27661	C2
78880	GEM_RT_12	GEM_RT	GEM_RT.AACCAACAGCATCCTA	CCTCAAACGAGAT	CGAAA[None]AATGGACGAT[166:2D]CTCTGATTCG[222:1D]GGAGG	CGAAA[None]AATGG	ACGAT[166:2D]CTCTG	ATTCG[222:1D]GGAGG	12	24	12116	C2
78881	GEM_RT_12	GEM_RT	GEM_RT.TATCTTGAGGTTCTAC	CCTCAAACGAGAT	CGAAA[None]AATGGACGAT[166:2D]CTCTGTTCGC[None]GGAGG	CGAAA[None]AATGG	ACGAT[166:2D]CTCTG	TTCGC[None]GGAGG	12	21	8027	C2
78882	GEM_RT_12	GEM_RT	GEM_RT.TCAATTCCAACCGCTG	GGTAGGGGTTAGG	CGAAA[None]AATGGATATC[169:11D]CGTGATTCGC[None]GGAGG	CGAAA[None]AATGG	ATATC[169:11D]CGTGA	TTCGC[None]GGAGG	12	5	1947	C2
78883	GEM_RT_12	GEM_RT	GEM_RT.CCGGGTATCACCTCAC	CCTCAAACGAGAT	CGAAA[None]AATGGACGAT[166:2D]CTCTGTTCGC[None]GGAGG	CGAAA[None]AATGG	ACGAT[166:2D]CTCTG	TTCGC[None]GGAGG	12	27	11762	C2
78884	GEM_RT_12	GEM_RT	GEM_RT.GTCATTTTCCGAGCTG	TTAGTGCAACACG	CGAAA[None]AATGGATATC[None]TCTGGTTCGC[None]GGAGG	CGAAA[None]AATGG	ATATC[None]TCTGG	TTCGC[None]GGAGG	12	22	9987	C2
78885	GEM_RT_12	GEM_RT	GEM_RT.ACGTCCTCAGCTTTGA	CCTCAAACGAGAT	CGAAA[None]AATGGACGAT[166:2D]CTCTGCGTGG[225:12D]TTCGT	CGAAA[None]AATGG	ACGAT[166:2D]CTCTG	CGTGG[225:12D]TTCGT	12	22	7728	C2
78886	GEM_RT_12	GEM_RT	GEM_RT.ACCCTCACAAAGGCGT	GGTAGGGGTTAGG	CGAAA[None]AATGGATATC[169:11D]CGTGAATGTC[196:56D]TTCCG	CGAAA[None]AATGG	ATATC[169:11D]CGTGA	ATGTC[196:56D]TTCCG	12	81	46389	C2
78887	GEM_RT_12	GEM_RT	GEM_RT.ATCCATTCAAAGCGTG	CCTCAAACGAGAT	AAAAA[117:1I]ATGGCCACGAT[166:2D]CTCTGTTCGC[None]GGAGG	AAAAA[117:1I]ATGGCC	ACGAT[166:2D]CTCTG	TTCGC[None]GGAGG	12	49	20840	C2
78888	GEM_RT_12	GEM_RT	GEM_RT.GGTAACTTCACTCACC	CCTCAAACGAGAT	CGAAA[None]AATGGACGAT[166:2D]CTCTGATTCG[222:1D]GGAGG	CGAAA[None]AATGG	ACGAT[166:2D]CTCTG	ATTCG[222:1D]GGAGG	12	30	12721	C2
78889	GEM_RT_12	GEM_RT	GEM_RT.TCAATTCCAACCGCTG	CCTCAAACGAGAT	CGAAA[None]AATGGACGAT[166:2D]CTCTGTTCGC[None]GGAGG	CGAAA[None]AATGG	ACGAT[166:2D]CTCTG	TTCGC[None]GGAGG	12	3	1390	C2
78890	GEM_RT_12	GEM_RT	GEM_RT.GTCATTTTCCGAGCTG	GGTAGGGGTTAGG	CGAAA[None]AATGGAACGA[165:20D]CCGAATTCGC[None]GGAGG	CGAAA[None]AATGG	AACGA[165:20D]CCGAA	TTCGC[None]GGAGG	12	62	31254	C2
78891	GEM_RT_12	GEM_RT	GEM_RT.GACCGTGGTTGTATGC	GGTAGGGGTTAGG	CGAAA[None]AATGGAACGA[165:20D]CCGAATTCGC[None]GGAGG	CGAAA[None]AATGG	AACGA[165:20D]CCGAA	TTCGC[None]GGAGG	12	12	5836	C2
78892	GEM_RT_12	GEM_RT	GEM_RT.GACCGTGGTTGTATGC	TTAGTGCAACACG	CGAAA[None]AATGGATATC[None]TCTGGTTCGC[None]GGAGG	CGAAA[None]AATGG	ATATC[None]TCTGG	TTCGC[None]GGAGG	12	7	3103	C2
78893	GEM_RT_12	GEM_RT	GEM_RT.GTCCCATTCCGCCTAT	GGTAGGGGTTAGG	CGAAA[None]AATGGATATC[169:11D]CGTGATTCGC[None]GGAGG	CGAAA[None]AATGG	ATATC[169:11D]CGTGA	TTCGC[None]GGAGG	12	27	15542	C2
78894	GEM_RT_12	GEM_RT	GEM_RT.TATCTTGAGGTTCTAC	TTAGTGCAACACG	CGAAA[None]AATGGGATAT[168:2I]GACCCTGATTCG[222:1D]GGAGG	CGAAA[None]AATGG	GATAT[168:2I]GACCCTG	ATTCG[222:1D]GGAGG	12	18	4918	C2
78895	GEM_RT_12	GEM_RT	GEM_RT.GTCCCATTCCGCCTAT	TTAGTGCAACACG	CGAAA[None]AATGGGATAT[168:2I]GACCCTGATTCG[222:2D]GAGGA	CGAAA[None]AATGG	GATAT[168:2I]GACCCTG	ATTCG[222:2D]GAGGA	12	24	9795	C2
78896	GEM_RT_12	GEM_RT	GEM_RT.AGTGATCAGTCGAAGC	TTAGTGCAACACG	CGAAA[None]AATGGATATC[None]TCTGGTTCGC[None]GGAGG	CGAAA[None]AATGG	ATATC[None]TCTGG	TTCGC[None]GGAGG	12	13	5320	C2
78897	GEM_RT_12	GEM_RT	GEM_RT.GAGAGGTTCGCCTATC	CCTCAAACGAGAT	CGAAA[None]AATGGACGAT[166:2D]CTCTGTTCGC[None]GGAGG	CGAAA[None]AATGG	ACGAT[166:2D]CTCTG	TTCGC[None]GGAGG	12	26	10849	C2
78898	GEM_RT_12	GEM_RT	GEM_RT.GAAACCTGTGTAAACA	GGTAGGGGTTAGG	CGAAA[None]AATGGATATC[169:11D]CGTGATTCGC[None]GGAGG	CGAAA[None]AATGG	ATATC[169:11D]CGTGA	TTCGC[None]GGAGG	12	17	9453	C2
78899	GEM_RT_12	GEM_RT	GEM_RT.ATCCATTCAAAGCGTG	GGTAGGGGTTAGG	CGAAA[None]AATGGATATC[169:11D]CGTGATTCGC[None]GGAGG	CGAAA[None]AATGG	ATATC[169:11D]CGTGA	TTCGC[None]GGAGG	12	78	34234	C2
78900	GEM_RT_12	GEM_RT	GEM_RT.TATCTTGAGGTTCTAC	GGTAGGGGTTAGG	CGAAA[None]AATGGATATC[169:11D]CGTGATTCGC[None]GGAGG	CGAAA[None]AATGG	ATATC[169:11D]CGTGA	TTCGC[None]GGAGG	12	33	12889	C2
78901	GEM_RT_12	GEM_RT	GEM_RT.CATACCCAGAAGGGAT	CCTCAAACGAGAT	CGAAA[None]AATGGACGAT[166:2D]CTCTGTTCGC[None]GGAGG	CGAAA[None]AATGG	ACGAT[166:2D]CTCTG	TTCGC[None]GGAGG	12	44	22151	C2
78902	GEM_RT_12	GEM_RT	GEM_RT.GTTAGTGGTATCGAGT	TTAGTGCAACACG	CGAAA[None]AATGGGATAT[168:1I]TCTCTGTTCGC[None]GGAGG	CGAAA[None]AATGG	GATAT[168:1I]TCTCTG	TTCGC[None]GGAGG	12	2	621	C2
78903	GEM_RT_12	GEM_RT	GEM_RT.TGCAGGCAGGAAGAAC	TTAGTGCAACACG	CGAAA[None]AATGGATATT[169:8I]AATAATTATCTGGTTCGC[None]GGAGG	CGAAA[None]AATGG	ATATT[169:8I]AATAATTATCTGG	TTCGC[None]GGAGG	12	22	9881	C2
78904	GEM_RT_12	GEM_RT	GEM_RT.CAAGACTCATGGGTCC	GGTAGGGGTTAGG	CGAAA[None]AATGGATATC[169:11D]CGTGAATTCG[222:2D]GAGGA	CGAAA[None]AATGG	ATATC[169:11D]CGTGA	ATTCG[222:2D]GAGGA	12	56	28298	C2
78905	GEM_RT_12	GEM_RT	GEM_RT.GAGGCAAGTACCAATC	CCTCAAACGAGAT	AAAAA[117:1I]ATGGCCACGAT[166:2D]CTCTGTTCGC[None]GGAGG	AAAAA[117:1I]ATGGCC	ACGAT[166:2D]CTCTG	TTCGC[None]GGAGG	12	28	13879	C2
78906	GEM_RT_12	GEM_RT	GEM_RT.GTGACGCAGTCTTCCC	GGTAGGGGTTAGG	CGAAA[None]AATGGATATC[None]TCTGGTTCGC[None]GGAGG	CGAAA[None]AATGG	ATATC[None]TCTGG	TTCGC[None]GGAGG	12	31	16782	C2
78907	GEM_RT_12	GEM_RT	GEM_RT.GGTCTGGAGCAACCAG	CCTCAAACGAGAT	AAAAA[117:1I]ATGGCCACGAT[166:2D]CTCTGTTCGC[None]GGAGG	AAAAA[117:1I]ATGGCC	ACGAT[166:2D]CTCTG	TTCGC[None]GGAGG	12	7	3419	C2
78908	GEM_RT_12	GEM_RT	GEM_RT.TCTTTGAAGAAGAACG	CCTCAAACGAGAT	CGAAA[None]AATGGACGAT[166:2D]CTCTGTTCGC[None]GGAGG	CGAAA[None]AATGG	ACGAT[166:2D]CTCTG	TTCGC[None]GGAGG	12	16	5603	C2
78909	GEM_RT_12	GEM_RT	GEM_RT.CAATTTCGTACAATAG	TTAGTGCAACACG	CGAAA[None]AATGGCAACT[130:115D]CACTGCAACT[130:115D]CACTG	CGAAA[None]AATGG	CAACT[130:115D]CACTG	CAACT[130:115D]CACTG	12	40	17766	C2
78910	GEM_RT_12	GEM_RT	GEM_RT.TGACAGTGTCCGGATC	CCTCAAACGAGAT	CGAAA[None]AATGGACGAT[166:2D]CTCTGTTCGC[None]GGAGG	CGAAA[None]AATGG	ACGAT[166:2D]CTCTG	TTCGC[None]GGAGG	12	62	32019	C2
78911	GEM_RT_12	GEM_RT	GEM_RT.AAGCGTTCAATCCAGT	CCTCAAACGAGAT	CGAAA[None]AATGGACGAT[166:2D]CTCTGTTCGC[None]GGAGG	CGAAA[None]AATGG	ACGAT[166:2D]CTCTG	TTCGC[None]GGAGG	12	44	18774	C2
78912	GEM_RT_12	GEM_RT	GEM_RT.AGTGATCAGTCGAAGC	GGTAGGGGTTAGG	CGAAA[None]AATGGAACGA[165:20D]CCGAATTCGC[None]GGAGG	CGAAA[None]AATGG	AACGA[165:20D]CCGAA	TTCGC[None]GGAGG	12	40	23335	C2
78913	GEM_RT_12	GEM_RT	GEM_RT.ACGTCCTCAGCTTTGA	TTAGTGCAACACG	CGAAA[None]AATGGATATC[None]TCTGGTTCGC[None]GGAGG	CGAAA[None]AATGG	ATATC[None]TCTGG	TTCGC[None]GGAGG	12	22	8567	C2
78914	GEM_RT_12	GEM_RT	GEM_RT.TCAATTCCAACCGCTG	TTAGTGCAACACG	CGAAA[None]AATGGGATAT[168:2I]GACCCTGATTCG[222:1D]GGAGG	CGAAA[None]AATGG	GATAT[168:2I]GACCCTG	ATTCG[222:1D]GGAGG	12	5	1763	C2
78915	GEM_RT_12	GEM_RT	GEM_RT.AACCAACAGCATCCTA	TTAGTGCAACACG	GAAAA[116:1D]TGGCCATATC[None]TCTGGTTCGC[None]GGAGG	GAAAA[116:1D]TGGCC	ATATC[None]TCTGG	TTCGC[None]GGAGG	12	27	9960	C2
78916	GEM_RT_12	GEM_RT	GEM_RT.GTGACGCAGTCTTCCC	TTAGTGCAACACG	GCCGA[113:12D]CAACTATATC[None]TCTGGTTCGC[None]GGAGG	GCCGA[113:12D]CAACT	ATATC[None]TCTGG	TTCGC[None]GGAGG	12	16	7503	C2
78917	GEM_RT_12	GEM_RT	GEM_RT.TCTGTCGGTGCCTTTC	CCTCAAACGAGAT	CGAAA[None]AATGGACGAT[166:2D]CTCTGTTCGC[None]GGAGG	CGAAA[None]AATGG	ACGAT[166:2D]CTCTG	TTCGC[None]GGAGG	12	3	1917	C2
78918	GEM_RT_12	GEM_RT	GEM_RT.TGCTCCAAGAAAGTCT	CCTCAAACGAGAT	CGAAA[None]AATGGACGAT[166:2D]CTCTGCGTGG[225:12D]TTCGT	CGAAA[None]AATGG	ACGAT[166:2D]CTCTG	CGTGG[225:12D]TTCGT	12	23	10610	C2
78919	GEM_RT_12	GEM_RT	GEM_RT.CAAGACTCATGGGTCC	CCTCAAACGAGAT	CGAAA[None]AATGGACGAT[166:2D]CTCTGTTCGC[None]GGAGG	CGAAA[None]AATGG	ACGAT[166:2D]CTCTG	TTCGC[None]GGAGG	12	52	24943	C2
78920	GEM_RT_12	GEM_RT	GEM_RT.GAAACCTGTGTAAACA	TTAGTGCAACACG	CGAAA[None]AATGGGATAT[168:2I]GACCCTGTTCGC[None]GGAGG	CGAAA[None]AATGG	GATAT[168:2I]GACCCTG	TTCGC[None]GGAGG	12	8	2632	C2
78921	GEM_RT_12	GEM_RT	GEM_RT.GGGATGACACGCCAGT	GGTAGGGGTTAGG	CGAAA[None]AATGGATATC[169:11D]CGTGAATGTC[196:56D]TTCCG	CGAAA[None]AATGG	ATATC[169:11D]CGTGA	ATGTC[196:56D]TTCCG	12	58	32899	C2
78922	GEM_RT_12	GEM_RT	GEM_RT.GTTAGTGGTATCGAGT	CCTCAAACGAGAT	CGAAA[None]AATGGACGAT[166:2D]CTCTGATTCG[222:2D]GAGGA	CGAAA[None]AATGG	ACGAT[166:2D]CTCTG	ATTCG[222:2D]GAGGA	12	5	1868	C2
78923	GEM_RT_12	GEM_RT	GEM_RT.GATCCCTAGTTGCTGT	TTAGTGCAACACG	GCCGA[113:12D]CAACTATATC[None]TCTGGTTCGC[None]GGAGG	GCCGA[113:12D]CAACT	ATATC[None]TCTGG	TTCGC[None]GGAGG	12	27	10367	C2
78924	GEM_RT_12	GEM_RT	GEM_RT.TTGCGTCTCTGCCTCA	TTAGTGCAACACG	CGAAA[None]AATGGCAACT[130:115D]CACTGCAACT[130:115D]CACTG	CGAAA[None]AATGG	CAACT[130:115D]CACTG	CAACT[130:115D]CACTG	12	43	18774	C2
78925	GEM_RT_12	GEM_RT	GEM_RT.CATCAAGTCAGGAAGC	GGTAGGGGTTAGG	CGAAA[None]AATGGATATC[169:11D]CGTGATTCGC[None]GGAGG	CGAAA[None]AATGG	ATATC[169:11D]CGTGA	TTCGC[None]GGAGG	12	10	5891	C2
78926	GEM_RT_12	GEM_RT	GEM_RT.GGTAACTTCACTCACC	GGTAGGGGTTAGG	CGAAA[None]AATGGATATC[169:11D]CGTGATTCGC[None]GGAGG	CGAAA[None]AATGG	ATATC[169:11D]CGTGA	TTCGC[None]GGAGG	12	35	16235	C2
78927	GEM_RT_12	GEM_RT	GEM_RT.ACGTCCTCAGCTTTGA	GGTAGGGGTTAGG	CGAAA[None]AATGGATATC[169:11D]CGTGAATGTC[196:56D]TTCCG	CGAAA[None]AATGG	ATATC[169:11D]CGTGA	ATGTC[196:56D]TTCCG	12	22	11030	C2
78928	GEM_RT_12	GEM_RT	GEM_RT.GTGACGCAGTCTTCCC	CCTCAAACGAGAT	CGAAA[None]AATGGACGAT[166:2D]CTCTGTTCGC[None]GGAGG	CGAAA[None]AATGG	ACGAT[166:2D]CTCTG	TTCGC[None]GGAGG	12	24	11449	C2
78929	GEM_RT_12	GEM_RT	GEM_RT.GGGATGACACGCCAGT	TTAGTGCAACACG	GAAAA[116:1D]TGGCCATATC[169:54D]GGAGGATATC[169:54D]GGAGG	GAAAA[116:1D]TGGCC	ATATC[169:54D]GGAGG	ATATC[169:54D]GGAGG	12	16	9043	C2
78930	GEM_RT_12	GEM_RT	GEM_RT.GGGATGAGTATTGCCA	GGTAGGGGTTAGG	CGAAA[None]AATGGATATC[None]TCTGGTTCGC[None]GGAGG	CGAAA[None]AATGG	ATATC[None]TCTGG	TTCGC[None]GGAGG	12	12	7100	C2
78931	GEM_RT_12	GEM_RT	GEM_RT.CCGATGGGTTCGGTCG	TTAGTGCAACACG	CGAAA[None]AATGGATATC[None]TCTGGTTCGC[None]GGAGG	CGAAA[None]AATGG	ATATC[None]TCTGG	TTCGC[None]GGAGG	12	5	2449	C2
78932	GEM_RT_12	GEM_RT	GEM_RT.CCATCACGTCAGCTTA	TTAGTGCAACACG	CAACT[118:127D]CACTGCAACT[118:127D]CACTGCAACT[118:127D]CACTG	CAACT[118:127D]CACTG	CAACT[118:127D]CACTG	CAACT[118:127D]CACTG	12	30	12182	C2
78933	GEM_RT_12	GEM_RT	GEM_RT.TGCTCCAAGAAAGTCT	GGTAGGGGTTAGG	CGAAA[None]AATGGATATC[169:11D]CGTGAATGTC[196:56D]TTCCG	CGAAA[None]AATGG	ATATC[169:11D]CGTGA	ATGTC[196:56D]TTCCG	12	32	16135	C2
78934	GEM_RT_12	GEM_RT	GEM_RT.CCGATGGGTTCGGTCG	CCTCAAACGAGAT	CGAAA[None]AATGGACGAT[166:2D]CTCTGTTCGC[None]GGAGG	CGAAA[None]AATGG	ACGAT[166:2D]CTCTG	TTCGC[None]GGAGG	12	8	3079	C2
78935	GEM_RT_12	GEM_RT	GEM_RT.CATCAAGTCAGGAAGC	TTAGTGCAACACG	CGAAA[None]AATGGCATGT[166:3D]TCTGGTTCGC[None]GGAGG	CGAAA[None]AATGG	CATGT[166:3D]TCTGG	TTCGC[None]GGAGG	12	5	2372	C2
78936	GEM_RT_12	GEM_RT	GEM_RT.GTTAGTGGTATCGAGG	GGTAGGGGTTAGG	CGAAA[None]AATGGATATC[169:11D]CGTGATTCGC[None]GGAGG	CGAAA[None]AATGG	ATATC[169:11D]CGTGA	TTCGC[None]GGAGG	12	6	3320	C2
78937	GEM_RT_12	GEM_RT	GEM_RT.GATCCCTAGTTGCTGT	GGTAGGGGTTAGG	CGAAA[None]AATGGATATC[None]TCTGGTTCGC[None]GGAGG	CGAAA[None]AATGG	ATATC[None]TCTGG	TTCGC[None]GGAGG	12	32	13334	C2
78938	GEM_RT_12	GEM_RT	GEM_RT.AACCTGATCCGAGATT	TTAGTGCAACACG	CGAAA[None]AATGGATATC[None]TCTGGTTCGC[None]GGAGG	CGAAA[None]AATGG	ATATC[None]TCTGG	TTCGC[None]GGAGG	12	17	6477	C2
78939	GEM_RT_12	GEM_RT	GEM_RT.GTTAGTGGTATCGAGT	GGTAGGGGTTAGG	CGAAA[None]AATGGATATC[169:11D]CGTGATTCGC[None]GGAGG	CGAAA[None]AATGG	ATATC[169:11D]CGTGA	TTCGC[None]GGAGG	12	8	2377	C2
78940	GEM_RT_12	GEM_RT	GEM_RT.TGACAGTGTCCGGATC	GGTAGGGGTTAGG	CGAAA[None]AATGGATATC[169:11D]CGTGAATGTC[196:56D]TTCCG	CGAAA[None]AATGG	ATATC[169:11D]CGTGA	ATGTC[196:56D]TTCCG	12	97	55660	C2
78941	GEM_RT_12	GEM_RT	GEM_RT.GGTCTGGGTGGTCTCG	CCTCAAACGAGAT	CGAAA[None]AATGGACGAT[166:2D]CTCTGATTCG[222:2I]GGCGGAG	CGAAA[None]AATGG	ACGAT[166:2D]CTCTG	ATTCG[222:2I]GGCGGAG	12	23	12472	C2
78942	GEM_RT_12	GEM_RT	GEM_RT.TTGCGTCTCTGCCTCA	CCTCAAACGAGAT	CGAAA[None]AATGGACGAT[166:2D]CTCTGCTATT[216:6D]CGGAG	CGAAA[None]AATGG	ACGAT[166:2D]CTCTG	CTATT[216:6D]CGGAG	12	18	8399	C2
78943	GEM_RT_12	GEM_RT	GEM_RT.GGTAACTTCACTCACC	TTAGTGCAACACG	CGAAA[None]AATGGATATC[None]TCTGGTTCGC[None]GGAGG	CGAAA[None]AATGG	ATATC[None]TCTGG	TTCGC[None]GGAGG	12	25	9932	C2
78944	GEM_RT_12	GEM_RT	GEM_RT.GACCGTGGTTGTATGC	CCTCAAACGAGAT	AAAAA[117:1I]ATGGCCACGAT[166:2D]CTCTGTTCGC[None]GGAGG	AAAAA[117:1I]ATGGCC	ACGAT[166:2D]CTCTG	TTCGC[None]GGAGG	12	8	3359	C2
78945	GEM_RT_12	GEM_RT	GEM_RT.TGCAGGCAGGAAGAAC	GGTAGGGGTTAGG	CGAAA[None]AATGGATATC[None]TCTGGTTCGC[None]GGAGG	CGAAA[None]AATGG	ATATC[None]TCTGG	TTCGC[None]GGAGG	12	40	20369	C2
78946	GEM_RT_12	GEM_RT	GEM_RT.GAAACCTGTGTAAACA	CCTCAAACGAGAT	CGAAA[None]AATGGACGAT[166:2D]CTCTGTTCGC[None]GGAGG	CGAAA[None]AATGG	ACGAT[166:2D]CTCTG	TTCGC[None]GGAGG	12	20	10168	C2
78947	GEM_RT_12	GEM_RT	GEM_RT.TCTTTGAAGAAGAACG	TTAGTGCAACACG	CGAAA[None]AATGGATATC[None]TCTGGTTCGC[None]GGAGG	CGAAA[None]AATGG	ATATC[None]TCTGG	TTCGC[None]GGAGG	12	6	2653	C2
78948	GEM_RT_12	GEM_RT	GEM_RT.CCGATGGGTTCGGTCG	GGTAGGGGTTAGG	CGAAA[None]AATGGAACGA[165:20D]CCGAATTCGC[None]GGAGG	CGAAA[None]AATGG	AACGA[165:20D]CCGAA	TTCGC[None]GGAGG	12	31	14265	C2
78949	GEM_RT_12	GEM_RT	GEM_RT.GGGATGAGTATTGCCA	CCTCAAACGAGAT	CGGTC[100:13D]AAAATACGAT[166:2D]CTCTGTTCGC[None]GGAGG	CGGTC[100:13D]AAAAT	ACGAT[166:2D]CTCTG	TTCGC[None]GGAGG	12	7	3167	C2
78950	GEM_RT_12	GEM_RT	GEM_RT.CATGAGTCACTTGACA	TTAGTGCAACACG	CGAAA[None]AATGGGATAT[168:4D]GGTTCTTCGC[None]GGAGG	CGAAA[None]AATGG	GATAT[168:4D]GGTTC	TTCGC[None]GGAGG	12	9	5754	C2
78951	GEM_RT_12	GEM_RT	GEM_RT.CTTGATTAGGACTTCT	CCTCAAACGAGAT	CGGTC[100:13D]AAAATACGAT[166:2D]CTCTGTTCGC[None]GGAGG	CGGTC[100:13D]AAAAT	ACGAT[166:2D]CTCTG	TTCGC[None]GGAGG	12	22	9254	C2
78952	GEM_RT_12	GEM_RT	GEM_RT.AAGCGTTCAATCCAGT	TTAGTGCAACACG	CGAAA[None]AATGGATATC[None]TCTGGTTCGC[None]GGAGG	CGAAA[None]AATGG	ATATC[None]TCTGG	TTCGC[None]GGAGG	12	31	11993	C2
78953	GEM_RT_12	GEM_RT	GEM_RT.CCGAACGGTACCTAGT	GGTAGGGGTTAGG	CGAAA[None]AATGGATATC[None]TCTGGTTCGC[None]GGAGG	CGAAA[None]AATGG	ATATC[None]TCTGG	TTCGC[None]GGAGG	12	14	6209	C2
78954	GEM_RT_12	GEM_RT	GEM_RT.GGTCTGGGTGGTCTCG	GGTAGGGGTTAGG	CGAAA[None]AATGGATATC[169:54D]GGAGGATATC[169:54D]GGAGG	CGAAA[None]AATGG	ATATC[169:54D]GGAGG	ATATC[169:54D]GGAGG	12	26	14279	C2
78955	GEM_RT_12	GEM_RT	GEM_RT.GTGGCGTAGAGGATGA	CCTCAAACGAGAT	CGAAA[None]AATGGACGAT[166:2D]CTCTGTTCGC[None]GGAGG	CGAAA[None]AATGG	ACGAT[166:2D]CTCTG	TTCGC[None]GGAGG	12	19	6939	C2
78956	GEM_RT_12	GEM_RT	GEM_RT.GGGATGAGTATTGCCA	TTAGTGCAACACG	CGAAA[None]AATGGATATT[169:8I]AATAATTATCTGGTTCGC[None]GGAGG	CGAAA[None]AATGG	ATATT[169:8I]AATAATTATCTGG	TTCGC[None]GGAGG	12	6	3386	C2
78957	GEM_RT_12	GEM_RT	GEM_RT.TGCTCCAAGAAAGTCT	TTAGTGCAACACG	GAAGA[116:20D]CGGCAATATC[None]TCTGGTTCGC[None]GGAGG	GAAGA[116:20D]CGGCA	ATATC[None]TCTGG	TTCGC[None]GGAGG	12	12	5716	C2
78958	GEM_RT_12	GEM_RT	GEM_RT.CTTAGGAAGTACTGTC	GGTAGGGGTTAGG	CGAAA[None]AATGGATATC[169:11D]CGTGAATGTC[196:56D]TTCCG	CGAAA[None]AATGG	ATATC[169:11D]CGTGA	ATGTC[196:56D]TTCCG	12	29	13163	C2
78959	GEM_RT_12	GEM_RT	GEM_RT.CTTAGGAAGTACTGTC	TTAGTGCAACACG	CGAAA[None]AATGGTAACG[164:10D]TTCATTTCGC[None]GGAGG	CGAAA[None]AATGG	TAACG[164:10D]TTCAT	TTCGC[None]GGAGG	12	8	2716	C2
78960	GEM_RT_12	GEM_RT	GEM_RT.GTAACACGTGAGACGT	GGTAGGGGTTAGG	CGAAA[None]AATGGATATC[None]TCTGGTTCGC[None]GGAGG	CGAAA[None]AATGG	ATATC[None]TCTGG	TTCGC[None]GGAGG	12	10	5667	C2
78961	GEM_RT_12	GEM_RT	GEM_RT.AAACGCTAGGGACCAT	GGTAGGGGTTAGG	CGAAA[None]AATGGATATC[None]TCTGGTTCGC[None]GGAGG	CGAAA[None]AATGG	ATATC[None]TCTGG	TTCGC[None]GGAGG	12	20	7630	C2
78962	GEM_RT_12	GEM_RT	GEM_RT.GTCATTTTCCGAGCTG	CCTCAAACGAGAT	AAAAA[117:1I]ATGGCCACGAT[166:2D]CTCTGTTCGC[None]GGAGG	AAAAA[117:1I]ATGGCC	ACGAT[166:2D]CTCTG	TTCGC[None]GGAGG	12	39	16603	C2
78963	GEM_RT_12	GEM_RT	GEM_RT.GTCCCATTCCGCCTAT	CCTCAAACGAGAT	CGAAA[None]AATGGACGAT[166:2D]CTCTGTTCGC[None]GGAGG	CGAAA[None]AATGG	ACGAT[166:2D]CTCTG	TTCGC[None]GGAGG	12	30	14185	C2
78964	GEM_RT_12	GEM_RT	GEM_RT.CTTAGGAAGTACTGTC	CCTCAAACGAGAT	CGAAA[None]AATGGACGAT[166:54D]CACGGACGAT[166:54D]CACGG	CGAAA[None]AATGG	ACGAT[166:54D]CACGG	ACGAT[166:54D]CACGG	12	1	733	C2
78965	GEM_RT_12	GEM_RT	GEM_RT.CAATTTCGTACAATAG	CCTCAAACGAGAT	CGAAA[None]AATGGACGAT[166:2D]CTCTGTTCGC[None]GGAGG	CGAAA[None]AATGG	ACGAT[166:2D]CTCTG	TTCGC[None]GGAGG	12	18	8313	C2
78966	GEM_RT_12	GEM_RT	GEM_RT.AAGCGTTCAATCCAGT	GGTAGGGGTTAGG	CGAAA[None]AATGGAACGA[165:20D]CCGAATTCGC[None]GGAGG	CGAAA[None]AATGG	AACGA[165:20D]CCGAA	TTCGC[None]GGAGG	12	44	21693	C2
78967	GEM_RT_12	GEM_RT	GEM_RT.CATACCCAGAAGGGAT	TTAGTGCAACACG	CAACT[118:127D]CACTGCAACT[118:127D]CACTGCAACT[118:127D]CACTG	CAACT[118:127D]CACTG	CAACT[118:127D]CACTG	CAACT[118:127D]CACTG	12	54	24878	C2
78968	GEM_RT_12	GEM_RT	GEM_RT.TGCAGGCAGGAAGAAC	CCTCAAACGAGAT	CGAAA[None]AATGGACGAT[166:2D]CTCTGTTCGC[None]GGAGG	CGAAA[None]AATGG	ACGAT[166:2D]CTCTG	TTCGC[None]GGAGG	12	27	15608	C2
78969	GEM_RT_12	GEM_RT	GEM_RT.CAGCGTGAGTCTGGAG	CCTCAAACGAGAT	CGAAA[None]AATGGACGAT[166:2D]CTCTGTTCGC[None]GGAGG	CGAAA[None]AATGG	ACGAT[166:2D]CTCTG	TTCGC[None]GGAGG	12	42	23066	C2
78970	GEM_RT_12	GEM_RT	GEM_RT.GGTCTGGAGCAACCAG	TTAGTGCAACACG	CGAAA[None]AATGGATATC[None]TCTGGTTCGC[None]GGAGG	CGAAA[None]AATGG	ATATC[None]TCTGG	TTCGC[None]GGAGG	12	8	3554	C2
78971	GEM_RT_12	GEM_RT	GEM_RT.CCATCACGTCAGCTTA	GGTAGGGGTTAGG	CGAAA[None]AATGGACGAC[166:2I]CCATGTTCATGT[170:1D]TGGTTTTCGC[None]GGAGG	CGAAA[None]AATGG	ACGAC[166:2I]CCATGTTCATGT[170:1D]TGGTT	TTCGC[None]GGAGG	12	24	11619	C2
78972	GEM_RT_12	GEM_RT	GEM_RT.GGTAACTGTCACGTGC	CCTCAAACGAGAT	AAAAA[117:1I]ATGGCCACGAT[166:2D]CTCTGTTCGC[None]GGAGG	AAAAA[117:1I]ATGGCC	ACGAT[166:2D]CTCTG	TTCGC[None]GGAGG	12	19	7490	C2
78973	GEM_RT_12	GEM_RT	GEM_RT.TACTTGTTCTATGCCC	GGTAGGGGTTAGG	CGAAA[None]AATGGAACGA[165:20D]CCGAATTCGC[None]GGAGG	CGAAA[None]AATGG	AACGA[165:20D]CCGAA	TTCGC[None]GGAGG	12	39	17570	C2
78974	GEM_RT_12	GEM_RT	GEM_RT.CTTGATTAGGACTTCT	TTAGTGCAACACG	CGAAA[None]AATGGATATT[169:8I]AATAATTATCTGGTTCGC[None]GGAGG	CGAAA[None]AATGG	ATATT[169:8I]AATAATTATCTGG	TTCGC[None]GGAGG	12	14	3433	C2
78975	GEM_RT_12	GEM_RT	GEM_RT.GAGAGGTTCGCCTATC	TTAGTGCAACACG	CGAAA[None]AATGGATATC[169:54D]GGAGGATATC[169:54D]GGAGG	CGAAA[None]AATGG	ATATC[169:54D]GGAGG	ATATC[169:54D]GGAGG	12	10	5527	C2
78976	GEM_RT_12	GEM_RT	GEM_RT.CCATCACGTCAGCTTA	CCTCAAACGAGAT	CGAAA[None]AATGGACGAT[166:2D]CTCTGTTCGC[None]GGAGG	CGAAA[None]AATGG	ACGAT[166:2D]CTCTG	TTCGC[None]GGAGG	12	10	3682	C2
78977	GEM_RT_12	GEM_RT	GEM_RT.GAGAGGTTCGCCTATC	GGTAGGGGTTAGG	CGAAG[115:29D]TGCCAATATC[169:11D]CGTGATTCGC[None]GGAGG	CGAAG[115:29D]TGCCA	ATATC[169:11D]CGTGA	TTCGC[None]GGAGG	12	14	8106	C2
78978	GEM_RT_12	GEM_RT	GEM_RT.TAGACCATCTCGAACA	GGTAGGGGTTAGG	CGAAA[None]AATGGAACGA[165:20D]CCGAATTCGC[None]GGAGG	CGAAA[None]AATGG	AACGA[165:20D]CCGAA	TTCGC[None]GGAGG	12	48	21717	C2
78979	GEM_RT_12	GEM_RT	GEM_RT.CTCAACCCAAGGTACG	GGTAGGGGTTAGG	CGAAA[None]AATGGATATC[169:11D]CGTGATTCGC[None]GGAGG	CGAAA[None]AATGG	ATATC[169:11D]CGTGA	TTCGC[None]GGAGG	12	32	17546	C2
78980	GEM_RT_12	GEM_RT	GEM_RT.AAACGCTAGGGACCAT	TTAGTGCAACACG	CGAAA[None]AATGGATATT[169:8I]AATAATTATCTGGTTCGC[None]GGAGG	CGAAA[None]AATGG	ATATT[169:8I]AATAATTATCTGG	TTCGC[None]GGAGG	12	16	6757	C2
78981	GEM_RT_12	GEM_RT	GEM_RT.GTGGCGTAGAGGATGA	TTAGTGCAACACG	CGAAA[None]AATGGATATC[None]TCTGGTTCGC[None]GGAGG	CGAAA[None]AATGG	ATATC[None]TCTGG	TTCGC[None]GGAGG	12	6	2902	C2
78982	GEM_RT_12	GEM_RT	GEM_RT.AAACGCTAGGGACCAT	CCTCAAACGAGAT	CGAAA[None]AATGGACGAT[166:2D]CTCTGTTCGC[None]GGAGG	CGAAA[None]AATGG	ACGAT[166:2D]CTCTG	TTCGC[None]GGAGG	12	19	9874	C2
78983	GEM_RT_12	GEM_RT	GEM_RT.TACTTGTTCTATGCCC	TTAGTGCAACACG	CGAAA[None]AATGGATATC[None]TCTGGTTCGC[None]GGAGG	CGAAA[None]AATGG	ATATC[None]TCTGG	TTCGC[None]GGAGG	12	27	9407	C2
78984	GEM_RT_12	GEM_RT	GEM_RT.CCGAACGGTACCTAGT	TTAGTGCAACACG	GCCGA[113:12D]CAACTATATC[None]TCTGGTTCGC[None]GGAGG	GCCGA[113:12D]CAACT	ATATC[None]TCTGG	TTCGC[None]GGAGG	12	17	6491	C2
78985	GEM_RT_12	GEM_RT	GEM_RT.TCCCACATCTTGTTAC	GGTAGGGGTTAGG	CGAAA[None]AATGGGTTGG[155:19D]TTCATTTCGC[None]GGAGG	CGAAA[None]AATGG	GTTGG[155:19D]TTCAT	TTCGC[None]GGAGG	12	19	6873	C2
78986	GEM_RT_12	GEM_RT	GEM_RT.GTAACACGTGAGACGT	CCTCAAACGAGAT	CGAAA[None]AATGGACGAT[166:2D]CTCTGCTATT[216:6D]CGGAG	CGAAA[None]AATGG	ACGAT[166:2D]CTCTG	CTATT[216:6D]CGGAG	12	21	9071	C2
78987	GEM_RT_12	GEM_RT	GEM_RT.GGCGTCAGTCGCTCGA	GGTAGGGGTTAGG	CGAAA[None]AATGGAACGA[165:20D]CCGAATTCGC[None]GGAGG	CGAAA[None]AATGG	AACGA[165:20D]CCGAA	TTCGC[None]GGAGG	12	21	10877	C2
78988	GEM_RT_12	GEM_RT	GEM_RT.GAGGCAAGTACCAATC	TTAGTGCAACACG	CGAAA[None]AATGGATATC[None]TCTGGTTCGC[None]GGAGG	CGAAA[None]AATGG	ATATC[None]TCTGG	TTCGC[None]GGAGG	12	17	6606	C2
78989	GEM_RT_12	GEM_RT	GEM_RT.TCTTTGAAGAAGAACG	GGTAGGGGTTAGG	CGAAA[None]AATGGAACGA[165:20D]CCGAATTCGC[None]GGAGG	CGAAA[None]AATGG	AACGA[165:20D]CCGAA	TTCGC[None]GGAGG	12	28	12205	C2
78990	GEM_RT_12	GEM_RT	GEM_RT.TCTGGCTAGATAGGGA	CCTCAAACGAGAT	TGTAC[108:6D]AAATGACGAT[166:2D]CTCTGTTCGC[None]GGAGG	TGTAC[108:6D]AAATG	ACGAT[166:2D]CTCTG	TTCGC[None]GGAGG	12	13	7334	C2
78991	GEM_RT_12	GEM_RT	GEM_RT.CAATTTCGTACAATAG	GGTAGGGGTTAGG	CGAAA[None]AATGGGCTGC[147:111D]AATCGGCTGC[147:111D]AATCG	CGAAA[None]AATGG	GCTGC[147:111D]AATCG	GCTGC[147:111D]AATCG	12	50	20097	C2
78992	GEM_RT_12	GEM_RT	GEM_RT.GGGATGACACGCCAGT	CCTCAAACGAGAT	CGAAA[None]AATGGGGTCA[159:63D]CGGATGGTCA[159:63D]CGGAT	CGAAA[None]AATGG	GGTCA[159:63D]CGGAT	GGTCA[159:63D]CGGAT	12	4	2929	C2
78993	GEM_RT_12	GEM_RT	GEM_RT.CCGAACGGTACCTAGT	CCTCAAACGAGAT	CGAAA[None]AATGGACGAT[166:2D]CTCTGTTCGC[None]GGAGG	CGAAA[None]AATGG	ACGAT[166:2D]CTCTG	TTCGC[None]GGAGG	12	15	5787	C2
78994	GEM_RT_12	GEM_RT	GEM_RT.GGTCTGGGTGGTCTCG	TTAGTGCAACACG	CGAAA[None]AATGGATATT[169:8I]AATAATTATCTGGTTCGC[None]GGAGG	CGAAA[None]AATGG	ATATT[169:8I]AATAATTATCTGG	TTCGC[None]GGAGG	12	11	4901	C2
78995	GEM_RT_12	GEM_RT	GEM_RT.GTGGCGTAGAGGATGA	GGTAGGGGTTAGG	CGAAA[None]AATGGAACGA[165:20D]CCGAATTCGC[None]GGAGG	CGAAA[None]AATGG	AACGA[165:20D]CCGAA	TTCGC[None]GGAGG	12	33	14466	C2
78996	GEM_RT_12	GEM_RT	GEM_RT.CAGCGTGAGTCTGGAG	GGTAGGGGTTAGG	CGAAA[None]AATGGATATC[169:11D]CGTGAATTCG[222:2D]GAGGA	CGAAA[None]AATGG	ATATC[169:11D]CGTGA	ATTCG[222:2D]GAGGA	12	56	29019	C2
78997	GEM_RT_12	GEM_RT	GEM_RT.CAGCGTGAGTCTGGAG	TTAGTGCAACACG	GCCGA[113:10D]GACAACATGT[166:3D]TCTGGTTCGC[None]GGAGG	GCCGA[113:10D]GACAA	CATGT[166:3D]TCTGG	TTCGC[None]GGAGG	12	27	13533	C2
78998	GEM_RT_12	GEM_RT	GEM_RT.TTGCATTGTGAACTAA	TTAGTGCAACACG	CAACT[118:127D]CACTGCAACT[118:127D]CACTGCAACT[118:127D]CACTG	CAACT[118:127D]CACTG	CAACT[118:127D]CACTG	CAACT[118:127D]CACTG	12	51	20822	C2
78999	GEM_RT_12	GEM_RT	GEM_RT.TACTTGTTCTATGCCC	CCTCAAACGAGAT	AAAAA[117:1I]ATGGCCACGAT[166:2D]CTCTGTTCGC[None]GGAGG	AAAAA[117:1I]ATGGCC	ACGAT[166:2D]CTCTG	TTCGC[None]GGAGG	12	30	11121	C2
79000	GEM_RT_12	GEM_RT	GEM_RT.CTGCGAGCACTAAACC	GGTAGGGGTTAGG	CGAAA[None]AATGGATATC[None]TCTGGTTCGC[None]GGAGG	CGAAA[None]AATGG	ATATC[None]TCTGG	TTCGC[None]GGAGG	12	16	8117	C2
79001	GEM_RT_12	GEM_RT	GEM_RT.GTCAAACAGCTCATAC	GGTAGGGGTTAGG	CGAAA[None]AATGGATATC[169:11D]CGTGAATGTC[196:56D]TTCCG	CGAAA[None]AATGG	ATATC[169:11D]CGTGA	ATGTC[196:56D]TTCCG	12	64	35739	C2
79002	GEM_RT_12	GEM_RT	GEM_RT.CATCAAGTCAGGAAGC	CCTCAAACGAGAT	CGAAA[None]AATGGACGAT[166:2D]CTCTGTTCGC[None]GGAGG	CGAAA[None]AATGG	ACGAT[166:2D]CTCTG	TTCGC[None]GGAGG	12	15	7586	C2
79003	GEM_RT_12	GEM_RT	GEM_RT.GATCCCTAGTTGCTGT	CCTCAAACGAGAT	CGAAA[None]AATGGACGAT[166:2D]CTCTGTTCGC[None]GGAGG	CGAAA[None]AATGG	ACGAT[166:2D]CTCTG	TTCGC[None]GGAGG	12	46	21352	C2
79004	GEM_RT_12	GEM_RT	GEM_RT.CTGCGAGCACTAAACC	TTAGTGCAACACG	CAACT[118:127D]CACTGCAACT[118:127D]CACTGCAACT[118:127D]CACTG	CAACT[118:127D]CACTG	CAACT[118:127D]CACTG	CAACT[118:127D]CACTG	12	25	12180	C2
79005	GEM_RT_12	GEM_RT	GEM_RT.CTTGATTAGGACTTCT	GGTAGGGGTTAGG	TTGTA[107:6D]AAAATATATC[None]TCTGGTTCGC[None]GGAGG	TTGTA[107:6D]AAAAT	ATATC[None]TCTGG	TTCGC[None]GGAGG	12	24	10087	C2
79006	GEM_RT_12	GEM_RT	GEM_RT.TGTTCCGTCGTTCTAT	CCTCAAACGAGAT	CCGAA[114:11D]CAACTACGAT[166:2D]CTCTGTTCGC[None]GGAGG	CCGAA[114:11D]CAACT	ACGAT[166:2D]CTCTG	TTCGC[None]GGAGG	12	16	6823	C2
79007	GEM_RT_12	GEM_RT	GEM_RT.CAAGACTCATGGGTCC	TTAGTGCAACACG	GCCGA[113:10D]GACAACATGT[166:3D]TCTGGTTCGC[None]GGAGG	GCCGA[113:10D]GACAA	CATGT[166:3D]TCTGG	TTCGC[None]GGAGG	12	32	14071	C2
79008	GEM_RT_12	GEM_RT	GEM_RT.GGTCTGGAGCAACCAG	GGTAGGGGTTAGG	CGAAA[None]AATGGAACGA[165:20D]CCGAATTCGC[None]GGAGG	CGAAA[None]AATGG	AACGA[165:20D]CCGAA	TTCGC[None]GGAGG	12	5	2638	C2
79009	GEM_RT_12	GEM_RT	GEM_RT.GGTAACTGTCACGTGC	TTAGTGCAACACG	CGAAA[None]AATGGATATC[None]TCTGGTTCGC[None]GGAGG	CGAAA[None]AATGG	ATATC[None]TCTGG	TTCGC[None]GGAGG	12	15	5760	C2
79010	GEM_RT_12	GEM_RT	GEM_RT.GGCGTCAGTCGCTCGA	TTAGTGCAACACG	CGAAA[None]AATGGATATC[None]TCTGGTTCGC[None]GGAGG	CGAAA[None]AATGG	ATATC[None]TCTGG	TTCGC[None]GGAGG	12	15	6294	C2
79011	GEM_RT_12	GEM_RT	GEM_RT.ACGCACGAGATGAACT	GGTAGGGGTTAGG	CGAAA[None]AATGGAACGA[165:20D]CCGAATTCGC[None]GGAGG	CGAAA[None]AATGG	AACGA[165:20D]CCGAA	TTCGC[None]GGAGG	12	20	8781	C2
79012	GEM_RT_12	GEM_RT	GEM_RT.GTAACACGTGAGACGT	TTAGTGCAACACG	CGAAA[None]AATGGCAACT[130:115D]CACTGCAACT[130:115D]CACTG	CGAAA[None]AATGG	CAACT[130:115D]CACTG	CAACT[130:115D]CACTG	12	31	16613	C2
79013	GEM_RT_12	GEM_RT	GEM_RT.TCTGGCTAGATAGGGA	TTAGTGCAACACG	CGAAA[None]AATGGATATC[None]TCTGGTTCGC[None]GGAGG	CGAAA[None]AATGG	ATATC[None]TCTGG	TTCGC[None]GGAGG	12	10	4438	C2
79014	GEM_RT_12	GEM_RT	GEM_RT.ACGCACGAGATGAACT	TTAGTGCAACACG	GAAAA[116:1D]TGGCCATATC[None]TCTGGTTCGC[None]GGAGG	GAAAA[116:1D]TGGCC	ATATC[None]TCTGG	TTCGC[None]GGAGG	12	7	2440	C2
79015	GEM_RT_12	GEM_RT	GEM_RT.TCTGGCTAGATAGGGA	GGTAGGGGTTAGG	CGAAA[None]AATGGATATC[169:11D]CGTGATTCGC[None]GGAGG	CGAAA[None]AATGG	ATATC[169:11D]CGTGA	TTCGC[None]GGAGG	12	13	4936	C2
79016	GEM_RT_12	GEM_RT	GEM_RT.TCGGTCTCACTGTCCT	TTAGTGCAACACG	CGAAA[None]AATGGATATC[None]TCTGGTTCGC[None]GGAGG	CGAAA[None]AATGG	ATATC[None]TCTGG	TTCGC[None]GGAGG	12	10	3612	C2
79017	GEM_RT_12	GEM_RT	GEM_RT.CATGAGTCACTTGACA	GGTAGGGGTTAGG	CGAAA[None]AATGGAACGA[165:20D]CCGAATTCGC[None]GGAGG	CGAAA[None]AATGG	AACGA[165:20D]CCGAA	TTCGC[None]GGAGG	12	63	32456	C2
79018	GEM_RT_12	GEM_RT	GEM_RT.TGAGGAGGTCTTTCTA	TTAGTGCAACACG	CGAAA[None]AATGGATATC[None]TCTGGATTCG[222:2D]GAGGA	CGAAA[None]AATGG	ATATC[None]TCTGG	ATTCG[222:2D]GAGGA	12	5	1839	C2
79019	GEM_RT_12	GEM_RT	GEM_RT.GTTAGTGGTATCGAGA	CCTCAAACGAGAT	CGAAA[None]AATGGACGAT[166:2D]CTCTGATTCG[222:2D]GAGGA	CGAAA[None]AATGG	ACGAT[166:2D]CTCTG	ATTCG[222:2D]GAGGA	12	1	499	C2
79020	GEM_RT_12	GEM_RT	GEM_RT.TGTTCCGTCGTTCTAT	TTAGTGCAACACG	CGAAA[None]AATGGCAACT[130:115D]CACTGCAACT[130:115D]CACTG	CGAAA[None]AATGG	CAACT[130:115D]CACTG	CAACT[130:115D]CACTG	12	20	7882	C2
79021	GEM_RT_12	GEM_RT	GEM_RT.TGACAGTGTCCGGATC	TTAGTGCAACACG	CGAAA[None]AATGGATATC[None]TCTGGTTCGC[None]GGAGG	CGAAA[None]AATGG	ATATC[None]TCTGG	TTCGC[None]GGAGG	12	37	15771	C2
79022	GEM_RT_12	GEM_RT	GEM_RT.ACGCACGAGATGAACT	CCTCAAACGAGAT	CGAAA[None]AATGGACGAT[166:2D]CTCTGTTCGC[None]GGAGG	CGAAA[None]AATGG	ACGAT[166:2D]CTCTG	TTCGC[None]GGAGG	12	8	5033	C2
79023	GEM_RT_12	GEM_RT	GEM_RT.TCGGTCTCACTGTCCT	GGTAGGGGTTAGG	CGAAA[None]AATGGAACGA[165:20D]CCGAATTCGC[None]GGAGG	CGAAA[None]AATGG	AACGA[165:20D]CCGAA	TTCGC[None]GGAGG	12	36	21046	C2
79024	GEM_RT_12	GEM_RT	GEM_RT.AAATGGATCGTGTGAT	CCTCAAACGAGAT	CGAAA[None]AATGGACGAT[166:2D]CTCTGTTCGC[None]GGAGG	CGAAA[None]AATGG	ACGAT[166:2D]CTCTG	TTCGC[None]GGAGG	12	20	9049	C2
79025	GEM_RT_12	GEM_RT	GEM_RT.GTTAGTGGTATCGAGG	CCTCAAACGAGAT	CGAAA[None]AATGGACGAT[166:2D]CTCTGATTCG[222:2D]GAGGA	CGAAA[None]AATGG	ACGAT[166:2D]CTCTG	ATTCG[222:2D]GAGGA	12	3	1138	C2
79026	GEM_RT_12	GEM_RT	GEM_RT.TAGACCATCTCGAACA	TTAGTGCAACACG	CGAAA[None]AATGGATATC[None]TCTGGTTCGC[None]GGAGG	CGAAA[None]AATGG	ATATC[None]TCTGG	TTCGC[None]GGAGG	12	31	12571	C2
79027	GEM_RT_12	GEM_RT	GEM_RT.GTCAAACAGCTCATAC	TTAGTGCAACACG	CGAAA[None]AATGGATATC[None]TCTGGATTCG[222:52I]GACAGTTGGAATGCCATGTATAGCTGGTTGTAATTGTTTGTTATTGACCAGCCGGAG	CGAAA[None]AATGG	ATATC[None]TCTGG	ATTCG[222:52I]GACAGTTGGAATGCCATGTATAGCTGGTTGTAATTGTTTGTTATTGACCAGCCGGAG	12	21	8256	C2
79028	GEM_RT_12	GEM_RT	GEM_RT.TCAGGTACACGAGGAT	GGTAGGGGTTAGG	CGAAA[None]AATGGATATC[169:11D]CGTGAATGTC[196:56D]TTCCG	CGAAA[None]AATGG	ATATC[169:11D]CGTGA	ATGTC[196:56D]TTCCG	12	25	10232	C2
79029	GEM_RT_12	GEM_RT	GEM_RT.GTCAAACAGCTCATAC	CCTCAAACGAGAT	CGAAA[None]AATGGACGAT[166:2D]CTCTGTTCGC[None]GGAGG	CGAAA[None]AATGG	ACGAT[166:2D]CTCTG	TTCGC[None]GGAGG	12	32	16043	C2
79030	GEM_RT_12	GEM_RT	GEM_RT.TCAGGTACACGAGGAT	CCTCAAACGAGAT	CGAAA[None]AATGGACGAT[166:2D]CTCTGCGTGG[225:12D]TTCGT	CGAAA[None]AATGG	ACGAT[166:2D]CTCTG	CGTGG[225:12D]TTCGT	12	25	12341	C2
79031	GEM_RT_12	GEM_RT	GEM_RT.TCGGGCAAGCTGGTGA	CCTCAAACGAGAT	AAAAA[117:1I]ATGGCCACGAT[166:2D]CTCTGTTCGC[None]GGAGG	AAAAA[117:1I]ATGGCC	ACGAT[166:2D]CTCTG	TTCGC[None]GGAGG	12	27	13906	C2
79032	GEM_RT_12	GEM_RT	GEM_RT.AAATGGATCGTGTGAT	TTAGTGCAACACG	CGAAA[None]AATGGTATCT[170:2D]GGTTCTTCGC[None]GGAGG	CGAAA[None]AATGG	TATCT[170:2D]GGTTC	TTCGC[None]GGAGG	12	16	7237	C2
79033	GEM_RT_12	GEM_RT	GEM_RT.AACCTGATCCGAGATT	GGTAGGGGTTAGG	CGAAA[None]AATGGAACGA[165:20D]CCGAATTCGC[None]GGAGG	CGAAA[None]AATGG	AACGA[165:20D]CCGAA	TTCGC[None]GGAGG	12	39	20013	C2
79034	GEM_RT_12	GEM_RT	GEM_RT.GGCGTCAGTCGCTCGA	CCTCAAACGAGAT	AAAAA[117:1I]ATGGCCACGAT[166:2D]CTCTGTTCGC[None]GGAGG	AAAAA[117:1I]ATGGCC	ACGAT[166:2D]CTCTG	TTCGC[None]GGAGG	12	9	4562	C2
79035	GEM_RT_12	GEM_RT	GEM_RT.GAGGCAAGTACCAATC	GGTAGGGGTTAGG	CGAAA[None]AATGGAACGA[165:20D]CCGAATTCGC[None]GGAGG	CGAAA[None]AATGG	AACGA[165:20D]CCGAA	TTCGC[None]GGAGG	12	33	16800	C2
79036	GEM_RT_12	GEM_RT	GEM_RT.TCGGTCTCACTGTCCT	CCTCAAACGAGAT	CGAAA[None]AATGGACGAT[166:2D]CTCTGTTCGC[None]GGAGG	CGAAA[None]AATGG	ACGAT[166:2D]CTCTG	TTCGC[None]GGAGG	12	27	10544	C2
79037	GEM_RT_12	GEM_RT	GEM_RT.TTGCATTGTGAACTAA	GGTAGGGGTTAGG	CGAAA[None]AATGGACGAC[166:2I]CCATGTTCATGT[170:1D]TGGTTTTCGC[None]GGAGG	CGAAA[None]AATGG	ACGAC[166:2I]CCATGTTCATGT[170:1D]TGGTT	TTCGC[None]GGAGG	12	43	18332	C2
79038	GEM_RT_12	GEM_RT	GEM_RT.TTGCATTGTGAACTAA	CCTCAAACGAGAT	CGAAA[None]AATGGACGAT[166:2D]CTCTGTTCGC[None]GGAGG	CGAAA[None]AATGG	ACGAT[166:2D]CTCTG	TTCGC[None]GGAGG	12	41	13743	C2
79039	GEM_RT_12	GEM_RT	GEM_RT.AGAGCAGCAGTCGAGA	GGTAGGGGTTAGG	CGAAA[None]AATGGATATC[169:11D]CGTGATTCGC[None]GGAGG	CGAAA[None]AATGG	ATATC[169:11D]CGTGA	TTCGC[None]GGAGG	12	16	5600	C2
79040	GEM_RT_12	GEM_RT	GEM_RT.TCAGGTACACGAGGAT	TTAGTGCAACACG	CGAAA[None]AATGGATATC[None]TCTGGTTCGC[None]GGAGG	CGAAA[None]AATGG	ATATC[None]TCTGG	TTCGC[None]GGAGG	12	13	5277	C2
79041	GEM_RT_12	GEM_RT	GEM_RT.TGAGGAGGTCTTTCTA	GGTAGGGGTTAGG	CGAAA[None]AATGGATATC[169:11D]CGTGAATGTC[196:56D]TTCCG	CGAAA[None]AATGG	ATATC[169:11D]CGTGA	ATGTC[196:56D]TTCCG	12	14	6164	C2
79042	GEM_RT_12	GEM_RT	GEM_RT.GTTAGTGGTATCGAGG	TTAGTGCAACACG	CGAAA[None]AATGGGATAT[168:1I]TCTCTGTTCGC[None]GGAGG	CGAAA[None]AATGG	GATAT[168:1I]TCTCTG	TTCGC[None]GGAGG	12	6	2522	C2
79043	GEM_RT_12	GEM_RT	GEM_RT.TCGGGCAAGCTGGTGA	TTAGTGCAACACG	CGAAA[None]AATGGATATC[None]TCTGGTTCGC[None]GGAGG	CGAAA[None]AATGG	ATATC[None]TCTGG	TTCGC[None]GGAGG	12	19	6916	C2
79044	GEM_RT_12	GEM_RT	GEM_RT.TCCCACATCTTGTTAC	TTAGTGCAACACG	CGAAA[None]AATGGATATC[None]TCTGGATTCG[222:1D]GGAGG	CGAAA[None]AATGG	ATATC[None]TCTGG	ATTCG[222:1D]GGAGG	12	2	463	C2
79045	GEM_RT_12	GEM_RT	GEM_RT.TCATGTTGTTGGTGTT	TTAGTGCAACACG	CGAAA[None]AATGGATATC[None]TCTGGTTCGC[None]GGAGG	CGAAA[None]AATGG	ATATC[None]TCTGG	TTCGC[None]GGAGG	12	5	1356	C2
79046	GEM_RT_12	GEM_RT	GEM_RT.TCGGGCAAGCTGGTGA	GGTAGGGGTTAGG	CGAAA[None]AATGGAACGA[165:20D]CCGAATTCGC[None]GGAGG	CGAAA[None]AATGG	AACGA[165:20D]CCGAA	TTCGC[None]GGAGG	12	26	13596	C2
79047	GEM_RT_12	GEM_RT	GEM_RT.TCATGTTGTTGGTGTT	CCTCAAACGAGAT	AAAAA[117:1I]ATGGCCACGAT[166:2D]CTCTGATTCG[222:1I]GCGGAG	AAAAA[117:1I]ATGGCC	ACGAT[166:2D]CTCTG	ATTCG[222:1I]GCGGAG	12	13	4839	C2
79048	GEM_RT_12	GEM_RT	GEM_RT.AAATGGATCGTGTGAT	GGTAGGGGTTAGG	CGAAA[None]AATGGATATC[169:11D]CGTGATTCGC[None]GGAGG	CGAAA[None]AATGG	ATATC[169:11D]CGTGA	TTCGC[None]GGAGG	12	17	8038	C2
79049	GEM_RT_12	GEM_RT	GEM_RT.TGAGGAGGTCTTTCTA	CCTCAAACGAGAT	CGAAA[None]AATGGACGAT[166:2D]CTCTGTTCGC[None]GGAGG	CGAAA[None]AATGG	ACGAT[166:2D]CTCTG	TTCGC[None]GGAGG	12	6	2737	C2
79050	GEM_RT_12	GEM_RT	GEM_RT.ATGGGAGAGGTCCGAA	TTAGTGCAACACG	CGAAA[None]AATGGATATC[None]TCTGGTCGCG[224:1D]AGGAC	CGAAA[None]AATGG	ATATC[None]TCTGG	TCGCG[224:1D]AGGAC	12	7	3300	C2
79051	GEM_RT_12	GEM_RT	GEM_RT.ATGGGAGAGGTCCGAA	GGTAGGGGTTAGG	CGAAA[None]AATGGAACGA[165:20D]CCGAATTCGC[None]GGAGG	CGAAA[None]AATGG	AACGA[165:20D]CCGAA	TTCGC[None]GGAGG	12	21	11126	C2
79052	GEM_RT_12	GEM_RT	GEM_RT.TAGACCATCTCGAACA	CCTCAAACGAGAT	AAAAA[117:1I]ATGGCCACGAT[166:2D]CTCTGTTCGC[None]GGAGG	AAAAA[117:1I]ATGGCC	ACGAT[166:2D]CTCTG	TTCGC[None]GGAGG	12	41	18915	C2
79053	GEM_RT_12	GEM_RT	GEM_RT.CATGAGTCACTTGACA	CCTCAAACGAGAT	CGAAA[None]AATGGACGAT[166:2D]CTCTGTTCGC[None]GGAGG	CGAAA[None]AATGG	ACGAT[166:2D]CTCTG	TTCGC[None]GGAGG	12	36	18951	C2
79054	GEM_RT_12	GEM_RT	GEM_RT.CTGCGAGCACTAAACC	CCTCAAACGAGAT	CGAAA[None]AATGGACGAT[166:2D]CTCTGTTCGC[None]GGAGG	CGAAA[None]AATGG	ACGAT[166:2D]CTCTG	TTCGC[None]GGAGG	12	20	9342	C2
79055	GEM_RT_12	GEM_RT	GEM_RT.TCCCACATCTTGTTAC	CCTCAAACGAGAT	CGAAA[None]AATGGACGAT[166:2D]CTCTGTTCGC[None]GGAGG	CGAAA[None]AATGG	ACGAT[166:2D]CTCTG	TTCGC[None]GGAGG	12	9	2872	C2
79056	GEM_RT_12	GEM_RT	GEM_RT.TTGCGTCTCTGCCTCA	GGTAGGGGTTAGG	CGAAA[None]AATGGATATC[None]TCTGGTTCGC[None]GGAGG	CGAAA[None]AATGG	ATATC[None]TCTGG	TTCGC[None]GGAGG	12	18	8031	C2
79057	GEM_RT_12	GEM_RT	GEM_RT.AGAGCAGCAGTCGAGA	CCTCAAACGAGAT	CGAAA[None]AATGGACGAT[166:2D]CTCTGATTCG[222:2D]GAGGA	CGAAA[None]AATGG	ACGAT[166:2D]CTCTG	ATTCG[222:2D]GAGGA	12	9	4126	C2
79058	GEM_RT_12	GEM_RT	GEM_RT.ATGGGAGAGGTCCGAA	CCTCAAACGAGAT	AAAAA[117:1I]ATGGCCACGAT[166:2D]CTCTGTTCGC[None]GGAGG	AAAAA[117:1I]ATGGCC	ACGAT[166:2D]CTCTG	TTCGC[None]GGAGG	12	9	4560	C2
79059	GEM_RT_12	GEM_RT	GEM_RT.AGAGCAGCAGTCGAGA	TTAGTGCAACACG	CGAAA[None]AATGGGATAT[168:1I]TCTCTGTTCGC[None]GGAGG	CGAAA[None]AATGG	GATAT[168:1I]TCTCTG	TTCGC[None]GGAGG	12	9	2641	C2
79060	GEM_RT_12	GEM_RT	GEM_RT.TCATGTTGTTGGTGTT	GGTAGGGGTTAGG	CGAAA[None]AATGGAACGA[165:20D]CCGAATTCGC[None]GGAGG	CGAAA[None]AATGG	AACGA[165:20D]CCGAA	TTCGC[None]GGAGG	12	23	10308	C2
79061	GEM_RT_12	GEM_RT	GEM_RT.AACCTGATCCGAGATT	CCTCAAACGAGAT	AAAAA[117:1I]ATGGCCACGAT[166:2D]CTCTGTTCGC[None]GGAGG	AAAAA[117:1I]ATGGCC	ACGAT[166:2D]CTCTG	TTCGC[None]GGAGG	12	12	6061	C2
79062	GEM_RT_12	GEM_RT	GEM_RT.GTTAGTGGTATCGAGA	TTAGTGCAACACG	CGAAA[None]AATGGGATAT[168:1I]TCTCTGTTCGC[None]GGAGG	CGAAA[None]AATGG	GATAT[168:1I]TCTCTG	TTCGC[None]GGAGG	12	1	592	C2
79063	GEM_RT_12	GEM_RT	GEM_RT.GTTAGTGGTATCGAGA	GGTAGGGGTTAGG	CGAAA[None]AATGGATATC[169:11D]CGTGATTCGC[None]GGAGG	CGAAA[None]AATGG	ATATC[169:11D]CGTGA	TTCGC[None]GGAGG	12	9	4369	C2
79064	GEM_RT_12	GEM_RT	GEM_RT.CTCAACCCAAGGTACG	TTAGTGCAACACG	CGAAA[None]AATGGCATGT[166:3D]TCTGGTTCGC[None]GGAGG	CGAAA[None]AATGG	CATGT[166:3D]TCTGG	TTCGC[None]GGAGG	12	8	2578	C2
79065	GEM_RT_12	GEM_RT	GEM_RT.TGTTCCGTCGTTCTAT	GGTAGGGGTTAGG	CGAAA[None]AATGGCATGT[152:36D]AACATAGGAG[211:16D]GACAA	CGAAA[None]AATGG	CATGT[152:36D]AACAT	AGGAG[211:16D]GACAA	12	17	7304	C2
