	r1	r2	r3	r4	r5	r6	r7	r8	r9	r10	r11	r12
GEM_RT.ATTGTTCAGGACAACC	0	0	0	0	0	0	0	0	0	-1	-1	-1
GEM_RT.TAGGAGGTCAAGTTGC	0	0	0	0	0	0	0	0	0	-1	-1	-1
GEM_RT.AATGCCAAGTAGTCAA	0	0	0	0	0	0	0	0	0	-1	-1	-1
GEM_RT.AGAAGTACACATACTG	0	0	0	0	0	0	0	0	0	-1	-1	-1
GEM_RT.CGGGTCATCCTAACAG	-1	-1	-1	0	0	0	0	0	0	0	0	0
GEM_RT.TGATGCACAGGCACTC	0	0	0	0	0	0	0	0	0	-1	-1	-1
GEM_RT.GACTCAATCACAAGAA	0	0	0	0	0	0	0	0	0	-1	-1	-1
GEM_RT.ACTTTCAGTATACCCA	0	0	0	0	0	0	0	0	0	-1	-1	-1
GEM_RT.CTTGATTCATGTCTAG	0	0	0	0	0	0	0	0	0	-1	-1	-1
GEM_RT.TGTGAGTAGGCACGAT	0	0	0	0	0	0	0	0	0	-1	-1	-1
GEM_RT.TGCATCCCAATGTTGC	0	0	0	-1	-1	-1	0	0	0	-1	-1	-1
GEM_RT.CCACAAACACACGTGC	0	0	0	0	0	0	0	0	0	-1	-1	-1
GEM_RT.GAGGGTAAGGTCCCTG	0	0	0	0	0	0	0	0	0	-1	-1	-1
GEM_RT.TGGGCGTTCGTTGTTT	0	0	0	0	0	0	0	0	0	-1	-1	-1
GEM_RT.TAAGCCAAGTGCTACT	0	0	0	0	0	0	0	0	0	-1	-1	-1
GEM_RT.ATATCCTAGATAGTGT	0	0	0	0	0	0	0	0	0	-1	-1	-1
GEM_RT.CTGGCAGCACTGTGAT	0	0	0	0	0	0	0	0	0	-1	-1	-1
GEM_RT.AGATAGAAGGACGCAT	0	0	0	0	0	0	0	0	0	-1	-1	-1
GEM_RT.TTGGGATGTTGCAAGG	0	0	0	0	0	0	0	0	0	-1	-1	-1
GEM_RT.TGCTTGCAGGACACTG	0	0	0	0	0	0	0	0	0	-1	-1	-1
GEM_RT.ATGGATCTCTGCATAG	-1	-1	-1	0	0	0	0	0	0	0	0	0
GEM_RT.TCATGCCCAGCTGGTC	-1	-1	-1	0	0	0	0	0	0	0	0	0
GEM_RT.ATCTCTATCCCTCAAC	0	0	0	-1	-1	-1	0	0	0	-1	-1	-1
GEM_RT.TCTCTGGTCGCCAGAC	0	0	0	0	0	0	0	0	0	-1	-1	-1
GEM_RT.CTTCTCTGTCAACATC	0	0	0	0	0	0	0	0	0	-1	-1	-1
GEM_RT.CCTCTAGTCACTTGGA	0	0	0	0	0	0	0	0	0	-1	-1	-1
GEM_RT.ACCAAACTCCACCTGT	0	0	0	0	0	0	0	0	0	-1	-1	-1
GEM_RT.AGGGTTTAGATGCCGA	0	0	0	0	0	0	0	0	0	-1	-1	-1
GEM_RT.TCAGTGAAGGGAGTTC	0	0	0	0	0	0	0	0	0	-1	-1	-1
GEM_RT.GTTTGGAGTATAGGGC	0	0	0	0	0	0	0	0	0	-1	-1	-1
GEM_RT.CAGCGTGGTCGTTCAA	0	0	0	0	0	0	0	0	0	-1	-1	-1
GEM_RT.GACTGATGTGTGACCC	0	0	0	0	0	0	0	0	0	-1	-1	-1
GEM_RT.GTAGATCGTTATGACC	0	0	0	0	0	0	0	0	0	-1	-1	-1
GEM_RT.GTGCACGCAATAGTGA	0	0	0	0	0	0	0	0	0	-1	-1	-1
GEM_RT.GATGATCCAAGAGCTG	0	0	0	0	0	0	0	0	0	-1	-1	-1
GEM_RT.GTCACGGGTGACAACG	0	0	0	0	0	0	0	0	0	-1	-1	-1
GEM_RT.CTATCTATCACGGAGA	0	0	0	0	0	0	0	0	0	-1	-1	-1
GEM_RT.ACGGTCGGTATCTCTT	0	0	0	0	0	0	0	0	0	-1	-1	-1
GEM_RT.GTTCTATAGAGAGCGG	0	0	0	0	0	0	0	0	0	-1	-1	-1
GEM_RT.ACGATCACAAGGGTCA	0	0	0	0	0	0	0	0	0	-1	-1	-1
GEM_RT.CCCTAACCATGGGAAC	0	0	0	0	0	0	0	0	0	-1	-1	-1
GEM_RT.ACTTAGGTCACCTCAC	0	0	0	0	0	0	0	0	0	-1	-1	-1
GEM_RT.AAAGTCCTCAAGCCGC	0	0	0	0	0	0	0	0	0	-1	-1	-1
GEM_RT.GATGACTAGTCTGCAT	0	0	0	0	0	0	0	0	0	-1	-1	-1
GEM_RT.ATGACCACATGGGTCC	0	0	0	0	0	0	0	0	0	-1	-1	-1
GEM_RT.ATCCCTGTCCTACACC	0	0	0	0	0	0	0	0	0	-1	-1	-1
GEM_RT.CAACGGCAGAATCCCT	0	0	0	0	0	0	0	0	0	-1	-1	-1
GEM_RT.ACTATGGTCTCTCTTC	0	0	0	0	0	0	0	0	0	-1	-1	-1
GEM_RT.CCCGAAGTCTACTATC	0	0	0	0	0	0	0	0	0	-1	-1	-1
GEM_RT.CCAAGCGAGGTTTGAA	0	0	0	0	0	0	0	0	0	-1	-1	-1
GEM_RT.CAATGACAGACATAGT	0	0	0	0	0	0	0	0	0	-1	-1	-1
GEM_RT.CTACTATGTTCGAAGG	0	0	0	0	0	0	0	0	0	-1	-1	-1
GEM_RT.TCATCCGCAAAGGATT	0	0	0	0	0	0	0	0	0	-1	-1	-1
GEM_RT.GTCGCGAAGGCACTCC	0	0	0	0	0	0	0	0	0	-1	-1	-1
GEM_RT.GATCAGTTCTTTACAC	0	0	0	0	0	0	0	0	0	-1	-1	-1
GEM_RT.GGAATCTTCTACCCAC	0	0	0	0	0	0	0	0	0	-1	-1	-1
GEM_RT.GGGTTATTCGTTCGCT	0	0	0	0	0	0	0	0	0	-1	-1	-1
GEM_RT.GCCTGTTAGGGATCTG	0	0	0	0	0	0	0	0	0	-1	-1	-1
GEM_RT.TTGTGTTCATCACCAA	-1	-1	-1	0	0	0	0	0	0	0	0	0
GEM_RT.CCGGGTAAGCATTGAA	0	0	0	0	0	0	0	0	0	-1	-1	-1
GEM_RT.TCTTTGAGTCCACTTC	0	0	0	0	0	0	0	0	0	-1	-1	-1
GEM_RT.TAGGGTTTCCGGTTCT	0	0	0	0	0	0	0	0	0	-1	-1	-1
GEM_RT.CGAAGGAGTGACCGTC	0	0	0	0	0	0	0	0	0	-1	-1	-1
GEM_RT.CTATCCGGTCTACGTA	0	0	0	0	0	0	0	0	0	-1	-1	-1
GEM_RT.CCCGAAGGTATCCCAA	0	0	0	0	0	0	0	0	0	-1	-1	-1
GEM_RT.CCTCCAACAATTTCTC	0	0	0	0	0	0	0	0	0	-1	-1	-1
