	r1	r2	r3	r4	r5	r6	r7	r8	r9	r10	r11	r12	r13	r14	r15	r16	r17	r18	r19	r20	r21	r22	r23	r24	r25	r26	r27	r28	r29	r30	r31	r32	r33	r34	r35	r36	r37	r38	r39	r40	r41	r42	r43	r44	r45	r46	r47	r48	r49	r50	r51	r52	r53	r54	r55	r56	r57	r58	r59	r60	r61	r62	r63	r64	r65	r66	r67	r68	r69	r70	r71	r72	r73	r74	r75	r76	r77	r78	r79	r80	r81	r82	r83	r84	r85	r86	r87	r88	r89	r90	r91	r92	r93	r94	r95	r96	r97	r98	r99	r100	r101	r102	r103	r104	r105	r106	r107	r108	r109	r110	r111	r112	r113	r114	r115	r116	r117	r118	r119	r120	r121	r122	r123	r124	r125	r126	r127	r128	r129	r130	r131	r132
NMI_MGH.AGAACAAAGCTTTCCC	1	1	1	1	1	1	0	0	1	1	1	1	0	1	1	1	1	0	1	1	0	0	1	0	0	1	1	1	1	1	0	1	1	1	1	1	0	1	1	0	1	0	0	1	1	-1	-1	-1	-1	-1	-1	-1	-1	-1	-1	-1	-1	-1	-1	-1	-1	-1	-1	-1	-1	-1	-1	-1	-1	-1	-1	-1	-1	-1	-1	-1	-1	-1	-1	-1	-1	-1	-1	-1	-1	-1	-1	-1	-1	-1	-1	-1	-1	-1	-1	-1	-1	-1	-1	-1	-1	-1	-1	-1	-1	-1	-1	-1	-1	-1	-1	-1	-1	-1	-1	-1	-1	-1	-1	-1	-1	-1	-1	-1	-1	-1	-1	-1	-1	-1	-1	-1
NMI_MGH.ATCGGATAGGGTTTCT	-1	-1	-1	0	1	0	-1	-1	-1	1	1	1	-1	-1	-1	-1	-1	-1	1	1	0	0	1	0	0	1	1	0	1	0	0	2	0	1	2	0	-1	-1	-1	-1	-1	-1	0	2	2	1	1	0	0	1	1	-1	-1	-1	-1	-1	-1	-1	-1	-1	-1	-1	-1	-1	-1	-1	-1	-1	-1	-1	-1	-1	-1	-1	-1	-1	-1	-1	-1	-1	-1	-1	-1	-1	-1	-1	-1	-1	-1	-1	-1	-1	-1	-1	-1	-1	-1	-1	-1	-1	-1	-1	-1	-1	-1	-1	-1	-1	-1	-1	-1	-1	-1	-1	-1	-1	-1	-1	-1	-1	-1	-1	-1	-1	-1	-1	-1	-1	-1	-1	-1	-1
NMI_MGH.TCAGTGACAATGGCCC	0	2	2	0	1	2	0	1	2	1	1	1	0	2	2	-1	-1	-1	0	1	0	0	1	1	1	1	1	-1	-1	-1	-1	-1	-1	1	3	0	-1	-1	-1	0	2	1	0	1	1	-1	-1	-1	-1	-1	-1	0	1	0	0	1	1	0	1	0	-1	-1	-1	-1	-1	-1	-1	-1	-1	-1	-1	-1	-1	-1	-1	-1	-1	-1	-1	-1	-1	-1	-1	-1	-1	-1	-1	-1	-1	-1	-1	-1	-1	-1	-1	-1	-1	-1	-1	-1	-1	-1	-1	-1	-1	-1	-1	-1	-1	-1	-1	-1	-1	-1	-1	-1	-1	-1	-1	-1	-1	-1	-1	-1	-1	-1	-1	-1	-1	-1	-1	-1
NMI_MGH.AGTTCCCCAGCTACTA	0	3	3	0	1	0	0	0	1	1	1	1	0	1	0	-1	-1	-1	0	1	0	0	1	0	0	1	1	0	1	0	0	0	2	1	1	0	-1	-1	-1	-1	-1	-1	0	2	2	-1	-1	-1	-1	-1	-1	-1	-1	-1	0	0	1	0	2	1	0	1	1	0	1	0	-1	-1	-1	-1	-1	-1	-1	-1	-1	-1	-1	-1	-1	-1	-1	-1	-1	-1	-1	-1	-1	-1	-1	-1	-1	-1	-1	-1	-1	-1	-1	-1	-1	-1	-1	-1	-1	-1	-1	-1	-1	-1	-1	-1	-1	-1	-1	-1	-1	-1	-1	-1	-1	-1	-1	-1	-1	-1	-1	-1	-1	-1	-1	-1	-1	-1
NMI_MGH.CTCCACAGTCCATACA	1	1	1	0	1	0	1	0	1	1	1	1	1	1	0	-1	-1	-1	1	1	0	0	1	2	0	1	1	0	1	0	0	3	0	-1	-1	-1	-1	-1	-1	-1	-1	-1	0	1	1	-1	-1	-1	0	1	1	-1	-1	-1	0	0	1	-1	-1	-1	-1	-1	-1	-1	-1	-1	-1	-1	-1	-1	-1	-1	-1	-1	-1	-1	-1	-1	-1	-1	-1	-1	-1	-1	-1	-1	-1	-1	-1	-1	-1	-1	-1	-1	-1	-1	-1	-1	-1	-1	-1	-1	-1	-1	-1	-1	-1	-1	-1	-1	-1	-1	-1	-1	-1	-1	-1	-1	-1	-1	-1	-1	-1	-1	-1	-1	-1	-1	-1	-1	-1	-1
NMI_MGH.TTGGGATCATGTCTAG	0	0	0	-1	-1	-1	-1	-1	-1	1	1	1	0	1	0	-1	-1	-1	0	1	1	0	1	0	0	1	1	0	1	2	0	4	0	1	1	2	0	0	1	-1	-1	-1	0	1	1	-1	-1	-1	-1	-1	-1	-1	-1	-1	0	0	1	-1	-1	-1	-1	-1	-1	-1	-1	-1	0	0	0	0	1	1	1	0	1	-1	-1	-1	-1	-1	-1	-1	-1	-1	-1	-1	-1	-1	-1	-1	-1	-1	-1	-1	-1	-1	-1	-1	-1	-1	-1	-1	-1	-1	-1	-1	-1	-1	-1	-1	-1	-1	-1	-1	-1	-1	-1	-1	-1	-1	-1	-1	-1	-1	-1	-1	-1	-1	-1	-1	-1	-1
NMI_MGH.CCTTCAGTCGGCTTCT	-1	-1	-1	-1	-1	-1	-1	-1	-1	-1	-1	-1	0	1	0	-1	-1	-1	0	1	1	0	1	0	0	1	1	0	1	2	0	4	0	1	1	0	-1	-1	-1	-1	-1	-1	0	1	1	-1	-1	-1	-1	-1	-1	-1	-1	-1	-1	-1	-1	-1	-1	-1	-1	-1	-1	-1	-1	-1	-1	-1	-1	-1	-1	-1	-1	-1	-1	0	1	1	0	1	1	-1	-1	-1	-1	-1	-1	-1	-1	-1	-1	-1	-1	-1	-1	-1	-1	-1	-1	-1	-1	-1	-1	-1	-1	-1	-1	-1	-1	-1	-1	-1	-1	-1	-1	-1	-1	-1	-1	-1	-1	-1	-1	-1	-1	-1	-1	-1	-1	-1	-1	-1
NMI_MGH.ATCACTTTCACCTCGT	-1	-1	-1	-1	-1	-1	0	2	0	1	1	1	0	0	3	-1	-1	-1	2	1	2	0	1	3	0	1	1	2	2	3	0	5	0	1	2	3	0	0	1	-1	-1	-1	0	2	2	-1	-1	-1	-1	-1	-1	-1	-1	-1	1	2	1	-1	-1	-1	0	1	1	-1	-1	-1	-1	-1	-1	0	1	1	-1	-1	-1	-1	-1	-1	-1	-1	-1	-1	-1	-1	-1	-1	-1	-1	-1	-1	-1	-1	-1	-1	-1	-1	-1	-1	-1	-1	-1	-1	-1	-1	-1	-1	-1	-1	-1	-1	-1	-1	-1	-1	-1	-1	-1	-1	-1	-1	-1	-1	-1	-1	-1	-1	-1	-1	-1	-1	-1	-1
NMI_MGH.GTTCATTAGTCTGGTT	2	0	0	0	1	0	-1	-1	-1	1	1	1	-1	-1	-1	-1	-1	-1	-1	-1	-1	0	1	0	0	1	1	0	2	0	-1	-1	-1	-1	-1	-1	-1	-1	-1	-1	-1	-1	-1	-1	-1	-1	-1	-1	-1	-1	-1	-1	-1	-1	-1	-1	-1	-1	-1	-1	-1	-1	-1	-1	-1	-1	-1	-1	-1	-1	-1	-1	-1	-1	-1	-1	-1	-1	-1	-1	-1	1	1	0	1	0	1	-1	-1	-1	-1	-1	-1	-1	-1	-1	-1	-1	-1	-1	-1	-1	-1	-1	-1	-1	-1	-1	-1	-1	-1	-1	-1	-1	-1	-1	-1	-1	-1	-1	-1	-1	-1	-1	-1	-1	-1	-1	-1	-1	-1	-1
NMI_MGH.GAGTCTAAGGCTATCT	3	4	0	0	1	0	0	1	2	1	1	1	2	2	2	-1	-1	-1	-1	-1	-1	0	1	1	0	1	1	-1	-1	-1	-1	-1	-1	1	2	0	-1	-1	-1	-1	-1	-1	-1	-1	-1	-1	-1	-1	-1	-1	-1	-1	-1	-1	0	1	1	-1	-1	-1	-1	-1	-1	-1	-1	-1	-1	-1	-1	-1	-1	-1	-1	-1	-1	-1	-1	-1	-1	-1	-1	-1	-1	-1	-1	-1	-1	1	1	1	-1	-1	-1	-1	-1	-1	-1	-1	-1	-1	-1	-1	-1	-1	-1	-1	-1	-1	-1	-1	-1	-1	-1	-1	-1	-1	-1	-1	-1	-1	-1	-1	-1	-1	-1	-1	-1	-1	-1	-1	-1	-1
NMI_MGH.CCTTCAGGTCCAGGTC	0	5	0	2	1	0	-1	-1	-1	1	1	1	0	1	0	-1	-1	-1	0	1	0	0	1	4	0	1	1	0	1	2	0	4	3	-1	-1	-1	-1	-1	-1	-1	-1	-1	1	2	2	-1	-1	-1	-1	-1	-1	-1	-1	-1	2	0	1	-1	-1	-1	-1	-1	-1	-1	-1	-1	0	0	0	-1	-1	-1	-1	-1	-1	-1	-1	-1	-1	-1	-1	-1	-1	-1	-1	-1	-1	-1	-1	-1	1	1	0	-1	-1	-1	-1	-1	-1	-1	-1	-1	-1	-1	-1	-1	-1	-1	-1	-1	-1	-1	-1	-1	-1	-1	-1	-1	-1	-1	-1	-1	-1	-1	-1	-1	-1	-1	-1	-1	-1	-1
NMI_MGH.AGTTAGCCAGAACATA	1	1	1	0	1	0	0	0	1	1	1	1	0	1	0	-1	-1	-1	-1	-1	-1	0	1	0	2	1	1	0	1	0	-1	-1	-1	-1	-1	-1	-1	-1	-1	-1	-1	-1	0	1	1	-1	-1	-1	-1	-1	-1	-1	-1	-1	0	0	1	-1	-1	-1	-1	-1	-1	-1	-1	-1	-1	-1	-1	-1	-1	-1	-1	-1	-1	-1	-1	-1	-1	-1	-1	-1	-1	-1	-1	-1	-1	-1	-1	-1	-1	-1	-1	0	1	0	0	1	0	-1	-1	-1	-1	-1	-1	-1	-1	-1	-1	-1	-1	-1	-1	-1	-1	-1	-1	-1	-1	-1	-1	-1	-1	-1	-1	-1	-1	-1	-1	-1	-1	-1
NMI_MGH.GTCATTTTCCACGTCT	1	1	1	0	1	0	0	0	1	1	1	1	1	1	0	-1	-1	-1	1	1	0	0	1	0	0	1	1	0	1	0	0	2	0	1	1	0	-1	-1	-1	0	1	0	0	2	2	-1	-1	-1	-1	-1	-1	-1	-1	-1	0	3	2	-1	-1	-1	-1	-1	-1	1	2	1	-1	-1	-1	-1	-1	-1	-1	-1	-1	-1	-1	-1	-1	-1	-1	-1	-1	-1	-1	-1	-1	-1	-1	-1	-1	-1	-1	1	1	0	-1	-1	-1	1	1	1	0	0	0	-1	-1	-1	-1	-1	-1	-1	-1	-1	-1	-1	-1	-1	-1	-1	-1	-1	-1	-1	-1	-1	-1	-1	-1	-1	-1	-1
NMI_MGH.ATTCCATGTCGTAATC	4	6	4	0	2	3	-1	-1	-1	0	2	2	3	3	1	-1	-1	-1	-1	-1	-1	-1	-1	-1	-1	-1	-1	0	3	4	0	6	0	2	4	4	-1	-1	-1	-1	-1	-1	2	3	3	-1	-1	-1	-1	-1	-1	-1	-1	-1	0	0	1	-1	-1	-1	0	1	1	2	3	2	-1	-1	-1	-1	-1	-1	-1	-1	-1	-1	-1	-1	-1	-1	-1	-1	-1	-1	-1	-1	-1	-1	-1	-1	-1	-1	-1	-1	-1	-1	-1	-1	-1	-1	-1	-1	0	0	0	0	1	1	0	0	0	-1	-1	-1	-1	-1	-1	-1	-1	-1	-1	-1	-1	-1	-1	-1	-1	-1	-1	-1	-1	-1
NMI_MGH.CGAGTTACAACCACAT	1	1	1	3	1	0	0	3	1	1	1	1	0	1	0	-1	-1	-1	1	1	0	0	1	5	0	1	1	0	1	0	0	7	0	1	1	0	1	2	1	-1	-1	-1	-1	-1	-1	-1	-1	-1	-1	-1	-1	-1	-1	-1	0	0	1	-1	-1	-1	0	1	1	-1	-1	-1	-1	-1	-1	-1	-1	-1	-1	-1	-1	-1	-1	-1	-1	-1	-1	-1	-1	-1	-1	-1	-1	-1	-1	-1	-1	-1	-1	-1	-1	-1	-1	-1	-1	-1	-1	-1	-1	-1	-1	-1	-1	-1	-1	-1	-1	1	1	1	-1	-1	-1	-1	-1	-1	-1	-1	-1	-1	-1	-1	-1	-1	-1	-1	-1	-1
NMI_MGH.ATTACCTGTCACGACC	0	0	5	-1	-1	-1	2	0	1	1	1	1	4	4	4	-1	-1	-1	0	1	0	0	1	0	0	1	1	-1	-1	-1	1	0	0	1	1	5	-1	-1	-1	-1	-1	-1	0	1	1	-1	-1	-1	-1	-1	-1	-1	-1	-1	0	0	1	-1	-1	-1	0	1	1	-1	-1	-1	-1	-1	-1	-1	-1	-1	0	0	1	-1	-1	-1	-1	-1	-1	1	1	1	-1	-1	-1	-1	-1	-1	1	1	1	-1	-1	-1	-1	-1	-1	-1	-1	-1	-1	-1	-1	-1	-1	-1	-1	-1	-1	0	1	1	-1	-1	-1	-1	-1	-1	-1	-1	-1	-1	-1	-1	-1	-1	-1	-1	-1	-1
NMI_MGH.TAGCACAAGAGCCATG	1	1	1	2	1	0	0	4	1	1	1	1	0	1	5	1	1	0	1	1	0	0	1	0	-1	-1	-1	0	1	0	2	8	0	1	1	0	-1	-1	-1	-1	-1	-1	0	1	1	-1	-1	-1	-1	-1	-1	-1	-1	-1	0	0	1	-1	-1	-1	-1	-1	-1	-1	-1	-1	-1	-1	-1	-1	-1	-1	0	0	0	0	1	1	-1	-1	-1	-1	-1	-1	-1	-1	-1	-1	-1	-1	-1	-1	-1	-1	-1	-1	-1	-1	-1	-1	-1	-1	-1	-1	-1	-1	-1	-1	-1	-1	-1	-1	-1	-1	-1	-1	-1	-1	-1	-1	-1	-1	-1	-1	-1	-1	-1	-1	-1	-1	-1	-1
NMI_MGH.ACGGTCGCACGGTAGA	-1	-1	-1	0	1	0	0	5	3	1	1	1	5	5	1	-1	-1	-1	0	2	3	0	1	0	0	1	1	0	2	0	0	9	4	1	1	6	0	0	1	-1	-1	-1	0	2	2	-1	-1	-1	-1	-1	-1	-1	-1	-1	0	0	1	-1	-1	-1	-1	-1	-1	-1	-1	-1	-1	-1	-1	-1	-1	-1	-1	-1	-1	-1	-1	-1	-1	-1	-1	-1	-1	-1	-1	-1	-1	-1	-1	-1	-1	-1	-1	-1	-1	-1	-1	-1	-1	-1	-1	-1	-1	-1	-1	-1	-1	-1	-1	-1	-1	0	1	1	1	0	1	-1	-1	-1	-1	-1	-1	-1	-1	-1	-1	-1	-1	-1	-1	-1
NMI_MGH.GCCGATGGTTGAAGTA	0	7	3	0	1	0	0	0	1	1	1	1	6	1	0	-1	-1	-1	0	1	0	0	1	0	0	1	1	3	4	5	0	0	5	1	1	0	-1	-1	-1	-1	-1	-1	0	1	1	-1	-1	-1	-1	-1	-1	-1	-1	-1	0	0	1	-1	-1	-1	-1	-1	-1	-1	-1	-1	-1	-1	-1	-1	-1	-1	-1	-1	-1	-1	-1	-1	-1	-1	-1	-1	-1	-1	-1	-1	-1	0	2	1	-1	-1	-1	-1	-1	-1	0	1	0	-1	-1	-1	-1	-1	-1	-1	-1	-1	-1	-1	-1	-1	-1	-1	-1	-1	-1	-1	-1	-1	-1	-1	-1	-1	-1	-1	-1	-1	-1	-1	-1	-1
NMI_MGH.CTCATTACACTCGATA	-1	-1	-1	2	1	0	-1	-1	-1	1	1	1	7	1	1	-1	-1	-1	3	1	0	0	1	4	0	1	1	0	1	2	0	0	6	1	1	7	-1	-1	-1	0	3	2	0	2	2	-1	-1	-1	0	1	1	-1	-1	-1	0	0	1	-1	-1	-1	-1	-1	-1	-1	-1	-1	-1	-1	-1	-1	-1	-1	-1	-1	-1	-1	-1	-1	-1	-1	-1	-1	-1	-1	-1	-1	-1	-1	-1	-1	-1	-1	-1	-1	-1	-1	-1	-1	-1	2	2	2	-1	-1	-1	-1	-1	-1	-1	-1	-1	-1	-1	-1	-1	-1	-1	0	1	1	1	0	0	-1	-1	-1	-1	-1	-1	-1	-1	-1
NMI_MGH.GACCCAGAGTAGCAAT	0	0	5	2	1	0	-1	-1	-1	1	1	1	0	1	6	-1	-1	-1	0	1	0	0	1	4	0	1	1	0	1	2	-1	-1	-1	1	2	0	-1	-1	-1	-1	-1	-1	0	1	1	-1	-1	-1	-1	-1	-1	-1	-1	-1	0	0	1	-1	-1	-1	-1	-1	-1	-1	-1	-1	-1	-1	-1	-1	-1	-1	-1	-1	-1	0	1	1	-1	-1	-1	-1	-1	-1	-1	-1	-1	-1	-1	-1	-1	-1	-1	-1	-1	-1	-1	-1	-1	-1	-1	-1	-1	-1	-1	-1	-1	-1	-1	-1	-1	-1	-1	-1	-1	-1	-1	-1	-1	-1	-1	-1	-1	-1	-1	-1	-1	-1	-1	-1	-1	-1
NMI_MGH.AGGTTACTCTAGTCAG	1	1	1	0	1	4	3	6	4	1	1	1	7	1	7	-1	-1	-1	1	1	0	0	1	0	0	1	1	0	1	6	0	10	0	1	1	0	0	3	1	-1	-1	-1	0	1	1	-1	-1	-1	0	1	1	-1	-1	-1	0	0	1	0	1	0	-1	-1	-1	-1	-1	-1	-1	-1	-1	-1	-1	-1	-1	-1	-1	-1	-1	-1	-1	-1	-1	-1	-1	-1	-1	-1	-1	-1	-1	-1	-1	-1	-1	-1	-1	-1	-1	-1	-1	-1	-1	-1	-1	-1	-1	-1	-1	-1	-1	-1	-1	-1	-1	-1	-1	-1	-1	-1	-1	-1	-1	-1	-1	-1	-1	-1	-1	-1	-1	-1	-1	-1
NMI_MGH.AGTACCAGTGAAAGTT	0	8	5	0	3	0	-1	-1	-1	2	2	0	8	6	8	-1	-1	-1	0	3	4	0	1	6	3	2	1	-1	-1	-1	0	11	0	0	5	8	-1	-1	-1	0	4	3	3	4	4	-1	-1	-1	-1	-1	-1	-1	-1	-1	0	4	1	-1	-1	-1	-1	-1	-1	-1	-1	-1	-1	-1	-1	0	1	1	-1	-1	-1	-1	-1	-1	-1	-1	-1	-1	-1	-1	-1	-1	-1	-1	-1	-1	-1	-1	-1	1	1	0	-1	-1	-1	-1	-1	-1	-1	-1	-1	-1	-1	-1	-1	-1	-1	-1	-1	-1	-1	-1	-1	-1	-1	-1	-1	-1	-1	-1	-1	-1	-1	-1	-1	-1	-1	-1
NMI_MGH.TGGATGTGTAGAATGT	-1	-1	-1	2	1	5	-1	-1	-1	1	1	1	0	1	0	-1	-1	-1	0	1	1	0	1	0	0	1	1	0	1	2	0	4	0	-1	-1	-1	-1	-1	-1	-1	-1	-1	-1	-1	-1	-1	-1	-1	-1	-1	-1	-1	-1	-1	0	5	1	-1	-1	-1	-1	-1	-1	-1	-1	-1	-1	-1	-1	-1	-1	-1	-1	-1	-1	-1	-1	-1	-1	-1	-1	1	1	0	-1	-1	-1	-1	-1	-1	-1	-1	-1	-1	-1	-1	-1	-1	-1	-1	-1	-1	-1	-1	-1	-1	-1	-1	-1	-1	-1	-1	-1	-1	-1	-1	-1	-1	-1	-1	0	0	1	-1	-1	-1	-1	-1	-1	-1	-1	-1
NMI_MGH.GGTAATCAGCTCCACG	5	0	6	0	1	0	-1	-1	-1	1	1	1	4	4	4	-1	-1	-1	0	1	1	0	1	0	0	1	1	0	1	2	0	4	0	1	2	0	-1	-1	-1	-1	-1	-1	0	5	1	-1	-1	-1	-1	-1	-1	-1	-1	-1	0	0	1	-1	-1	-1	-1	-1	-1	-1	-1	-1	-1	-1	-1	-1	-1	-1	-1	-1	-1	0	1	1	-1	-1	-1	-1	-1	-1	-1	-1	-1	-1	-1	-1	-1	-1	-1	-1	-1	-1	-1	-1	-1	-1	-1	-1	-1	-1	-1	-1	-1	-1	-1	-1	-1	-1	-1	-1	-1	-1	-1	-1	-1	-1	-1	-1	-1	-1	-1	-1	-1	-1	-1	-1	-1	-1
NMI_MGH.GTGGGAAGTAGAATAC	3	4	0	-1	-1	-1	0	1	2	1	1	1	2	2	2	-1	-1	-1	0	1	0	0	1	1	0	1	1	-1	-1	-1	0	0	7	1	2	0	-1	-1	-1	-1	-1	-1	0	1	1	-1	-1	-1	-1	-1	-1	-1	-1	-1	0	1	1	-1	-1	-1	-1	-1	-1	-1	-1	-1	-1	-1	-1	0	1	1	-1	-1	-1	-1	-1	-1	-1	-1	-1	1	1	0	-1	-1	-1	-1	-1	-1	-1	-1	-1	-1	-1	-1	-1	-1	-1	-1	-1	-1	-1	-1	-1	-1	-1	-1	-1	-1	-1	0	1	1	-1	-1	-1	-1	-1	-1	1	0	1	-1	-1	-1	-1	-1	-1	-1	-1	-1
NMI_MGH.GTTGAACTCATTCGTT	0	9	0	0	1	0	0	0	1	1	1	1	0	1	0	-1	-1	-1	-1	-1	-1	0	1	0	0	1	1	0	1	7	0	0	8	1	1	0	-1	-1	-1	-1	-1	-1	0	2	2	-1	-1	-1	-1	-1	-1	-1	-1	-1	0	6	1	-1	-1	-1	-1	-1	-1	-1	-1	-1	-1	-1	-1	0	1	1	-1	-1	-1	-1	-1	-1	-1	-1	-1	-1	-1	-1	-1	-1	-1	-1	-1	-1	-1	-1	-1	-1	-1	-1	1	1	0	2	3	0	-1	-1	-1	-1	-1	-1	-1	-1	-1	-1	-1	-1	-1	-1	-1	-1	-1	-1	-1	-1	-1	1	1	1	-1	-1	-1	-1	-1	-1
NMI_MGH.CAATTTCTCATTGAGC	-1	-1	-1	0	1	0	0	1	2	1	1	1	0	2	2	-1	-1	-1	0	1	1	0	1	1	0	1	1	-1	-1	-1	0	12	7	1	1	0	-1	-1	-1	-1	-1	-1	0	2	2	-1	-1	-1	-1	-1	-1	-1	-1	-1	0	1	1	0	1	2	-1	-1	-1	-1	-1	-1	-1	-1	-1	-1	-1	-1	-1	-1	-1	-1	-1	-1	-1	-1	-1	-1	-1	-1	-1	-1	-1	-1	-1	-1	-1	-1	-1	-1	-1	-1	-1	-1	-1	-1	-1	-1	-1	-1	-1	-1	-1	-1	-1	-1	-1	-1	-1	-1	-1	-1	-1	-1	-1	-1	-1	-1	-1	-1	-1	-1	-1	-1	-1	-1	-1	-1
NMI_MGH.GTTAGTGTCGGTAACT	3	4	0	0	1	0	4	1	2	1	1	1	2	2	2	-1	-1	-1	0	1	0	0	1	1	0	1	1	-1	-1	-1	0	0	7	1	1	0	0	0	1	-1	-1	-1	0	6	1	-1	-1	-1	-1	-1	-1	-1	-1	-1	0	1	1	-1	-1	-1	-1	-1	-1	-1	-1	-1	-1	-1	-1	-1	-1	-1	-1	-1	-1	0	1	1	-1	-1	-1	-1	-1	-1	-1	-1	-1	-1	-1	-1	-1	-1	-1	-1	-1	-1	-1	-1	-1	-1	-1	-1	-1	-1	-1	-1	-1	-1	-1	-1	-1	-1	-1	-1	-1	-1	-1	-1	-1	-1	-1	-1	-1	1	1	1	-1	-1	-1	-1	-1	-1
NMI_MGH.AGGATAATCAGTGTTG	-1	-1	-1	0	1	6	-1	-1	-1	1	1	1	-1	-1	-1	-1	-1	-1	4	1	1	0	1	0	0	1	1	0	2	0	3	13	9	1	1	9	0	3	1	-1	-1	-1	0	1	1	-1	-1	-1	-1	-1	-1	-1	-1	-1	3	7	1	-1	-1	-1	-1	-1	-1	-1	-1	-1	-1	-1	-1	-1	-1	-1	-1	-1	-1	-1	-1	-1	-1	-1	-1	-1	-1	-1	-1	-1	-1	-1	-1	-1	-1	-1	-1	-1	-1	-1	-1	-1	-1	-1	-1	-1	-1	-1	-1	-1	-1	-1	-1	-1	-1	-1	-1	-1	-1	-1	-1	-1	-1	-1	-1	-1	-1	-1	-1	-1	-1	-1	-1	-1	-1	-1
NMI_MGH.CAGTTAGCATTGCAAC	0	10	0	0	1	0	0	5	3	1	1	1	0	7	0	-1	-1	-1	0	1	1	1	1	0	0	1	1	0	0	6	0	9	4	-1	-1	-1	-1	-1	-1	-1	-1	-1	0	2	2	-1	-1	-1	-1	-1	-1	-1	-1	-1	0	8	1	-1	-1	-1	-1	-1	-1	-1	-1	-1	-1	-1	-1	-1	-1	-1	-1	-1	-1	-1	-1	-1	-1	-1	-1	-1	-1	-1	-1	-1	-1	-1	-1	-1	-1	-1	-1	-1	-1	-1	-1	-1	-1	-1	-1	-1	-1	-1	-1	-1	-1	-1	-1	-1	-1	-1	-1	-1	-1	-1	-1	-1	-1	-1	-1	-1	-1	-1	-1	-1	-1	-1	-1	-1	-1	-1
NMI_MGH.GACTTCCGTTGCATTG	1	1	1	0	1	0	-1	-1	-1	1	1	1	0	1	3	-1	-1	-1	1	1	5	0	1	7	0	1	1	0	1	0	0	1	0	1	1	6	-1	-1	-1	-1	-1	-1	0	2	2	-1	-1	-1	-1	-1	-1	-1	-1	-1	0	9	1	-1	-1	-1	-1	-1	-1	-1	-1	-1	-1	-1	-1	-1	-1	-1	-1	-1	-1	-1	-1	-1	-1	-1	-1	-1	-1	-1	-1	-1	-1	-1	-1	-1	-1	-1	-1	-1	-1	-1	-1	-1	-1	-1	-1	-1	-1	-1	-1	-1	-1	-1	-1	-1	-1	-1	-1	-1	1	0	0	-1	-1	-1	-1	-1	-1	-1	-1	-1	-1	-1	-1	-1	-1	-1
NMI_MGH.ATCGTCCCATAGACTC	3	4	0	0	1	0	0	1	2	1	1	1	2	2	2	-1	-1	-1	0	1	1	0	1	1	4	1	1	-1	-1	-1	0	0	7	1	1	0	-1	-1	-1	-1	-1	-1	0	1	1	-1	-1	-1	-1	-1	-1	-1	-1	-1	0	1	1	-1	-1	-1	-1	-1	-1	-1	-1	-1	0	0	0	0	1	1	-1	-1	-1	-1	-1	-1	-1	-1	-1	-1	-1	-1	-1	-1	-1	-1	-1	-1	-1	-1	-1	-1	-1	-1	-1	-1	-1	-1	-1	-1	-1	-1	-1	-1	-1	-1	-1	-1	-1	-1	-1	-1	-1	-1	-1	-1	-1	-1	-1	-1	-1	-1	-1	-1	-1	-1	-1	-1	-1	-1
NMI_MGH.GACTCTCCAACATACC	1	1	1	0	1	0	3	6	4	1	1	1	7	1	7	-1	-1	-1	1	1	0	0	1	0	0	1	1	0	1	6	-1	-1	-1	1	1	10	-1	-1	-1	-1	-1	-1	0	1	1	-1	-1	-1	-1	-1	-1	0	1	0	0	0	1	-1	-1	-1	0	1	1	-1	-1	-1	-1	-1	-1	0	1	1	-1	-1	-1	-1	-1	-1	-1	-1	-1	-1	-1	-1	-1	-1	-1	-1	-1	-1	-1	-1	-1	-1	-1	-1	-1	-1	-1	2	3	3	0	0	0	-1	-1	-1	-1	-1	-1	-1	-1	-1	-1	-1	-1	-1	-1	-1	-1	-1	-1	-1	-1	-1	-1	-1	-1	-1	-1	-1
NMI_MGH.GAGTCATAGGTTCCAT	4	6	5	0	1	7	0	7	1	0	2	2	-1	-1	-1	-1	-1	-1	1	1	0	0	1	0	1	1	1	0	1	0	0	6	5	3	4	4	-1	-1	-1	-1	-1	-1	0	3	5	-1	-1	-1	-1	-1	-1	-1	-1	-1	0	10	1	-1	-1	-1	-1	-1	-1	-1	-1	-1	-1	-1	-1	-1	-1	-1	0	1	0	-1	-1	-1	-1	-1	-1	-1	-1	-1	-1	-1	-1	-1	-1	-1	-1	-1	-1	-1	-1	-1	0	1	0	-1	-1	-1	-1	-1	-1	0	1	1	-1	-1	-1	-1	-1	-1	-1	-1	-1	0	1	1	-1	-1	-1	-1	-1	-1	-1	-1	-1	-1	-1	-1
NMI_MGH.CGATGGCAGTTGGAGC	3	4	0	0	1	8	0	1	2	1	1	1	2	2	2	-1	-1	-1	0	1	0	2	1	1	0	1	1	-1	-1	-1	0	0	7	1	1	11	-1	-1	-1	-1	-1	-1	0	1	1	-1	-1	-1	-1	-1	-1	0	1	1	0	1	1	-1	-1	-1	-1	-1	-1	-1	-1	-1	-1	-1	-1	-1	-1	-1	-1	-1	-1	-1	-1	-1	-1	-1	-1	1	1	2	1	0	1	0	3	1	-1	-1	-1	-1	-1	-1	-1	-1	-1	-1	-1	-1	-1	-1	-1	-1	-1	-1	-1	-1	-1	-1	-1	-1	-1	-1	-1	-1	-1	-1	-1	-1	-1	-1	-1	-1	-1	-1	-1	-1	-1	-1
NMI_MGH.TACAACGTCGCCAATA	1	1	1	0	1	0	5	8	5	1	1	1	0	1	9	-1	-1	-1	1	1	0	0	1	0	0	1	1	4	1	0	0	2	0	1	1	0	-1	-1	-1	-1	-1	-1	0	2	2	-1	-1	-1	0	1	1	-1	-1	-1	4	11	1	-1	-1	-1	0	1	1	-1	-1	-1	-1	-1	-1	-1	-1	-1	-1	-1	-1	-1	-1	-1	-1	-1	-1	-1	-1	-1	-1	-1	-1	-1	-1	-1	-1	-1	-1	-1	-1	-1	-1	-1	-1	3	4	0	-1	-1	-1	-1	-1	-1	-1	-1	-1	-1	-1	-1	-1	-1	-1	-1	-1	-1	-1	-1	-1	1	1	1	0	0	0	-1	-1	-1
NMI_MGH.CAGATCACACTCTCGT	1	1	1	0	1	0	-1	-1	-1	1	1	1	0	1	0	-1	-1	-1	1	1	5	0	1	7	0	1	1	0	1	0	0	0	10	1	1	0	-1	-1	-1	-1	-1	-1	0	1	1	-1	-1	-1	-1	-1	-1	-1	-1	-1	0	0	1	-1	-1	-1	0	1	1	1	2	0	-1	-1	-1	-1	-1	-1	-1	-1	-1	-1	-1	-1	-1	-1	-1	-1	-1	-1	-1	-1	-1	-1	-1	-1	-1	-1	-1	-1	-1	-1	-1	-1	-1	-1	-1	-1	-1	-1	-1	-1	-1	-1	-1	-1	-1	-1	-1	-1	-1	-1	-1	-1	-1	-1	-1	-1	-1	-1	-1	-1	-1	-1	-1	-1	-1	-1
NMI_MGH.AACAAGAGTGCCTGAC	-1	-1	-1	0	1	8	0	9	1	1	1	1	9	1	0	-1	-1	-1	-1	-1	-1	0	1	0	0	1	1	0	1	0	1	0	11	-1	-1	-1	-1	-1	-1	-1	-1	-1	0	1	1	-1	-1	-1	-1	-1	-1	-1	-1	-1	0	0	1	-1	-1	-1	-1	-1	-1	-1	-1	-1	-1	-1	-1	-1	-1	-1	-1	-1	-1	-1	-1	-1	-1	-1	-1	1	1	3	-1	-1	-1	-1	-1	-1	-1	-1	-1	-1	-1	-1	-1	-1	-1	-1	-1	-1	-1	-1	-1	-1	-1	-1	-1	-1	-1	-1	-1	-1	-1	-1	-1	-1	-1	-1	-1	-1	-1	-1	-1	-1	0	0	0	-1	-1	-1
NMI_MGH.CTGCATCAGAGCAACC	0	0	0	2	1	0	-1	-1	-1	1	1	1	7	1	1	-1	-1	-1	0	1	0	0	1	4	0	1	1	0	1	2	1	14	6	1	2	0	-1	-1	-1	-1	-1	-1	0	1	1	-1	-1	-1	-1	-1	-1	0	1	0	0	0	1	-1	-1	-1	-1	-1	-1	-1	-1	-1	-1	-1	-1	-1	-1	-1	-1	-1	-1	-1	-1	-1	-1	-1	-1	-1	-1	-1	-1	-1	-1	-1	-1	-1	-1	-1	-1	1	1	0	0	1	0	-1	-1	-1	-1	-1	-1	-1	-1	-1	-1	-1	-1	-1	-1	-1	-1	-1	-1	-1	-1	-1	-1	-1	-1	-1	-1	-1	0	0	0	-1	-1	-1
NMI_MGH.GTCATTTAGCGTGCTC	3	4	0	0	1	0	6	1	2	1	1	1	2	2	2	1	1	0	0	1	1	0	1	1	0	1	1	-1	-1	-1	0	0	7	1	1	12	-1	-1	-1	-1	-1	-1	0	1	1	-1	-1	-1	-1	-1	-1	-1	-1	-1	0	1	1	-1	-1	-1	-1	-1	-1	-1	-1	-1	-1	-1	-1	-1	-1	-1	-1	-1	-1	0	1	1	-1	-1	-1	-1	-1	-1	-1	-1	-1	-1	-1	-1	-1	-1	-1	-1	-1	-1	-1	-1	-1	-1	-1	-1	-1	-1	-1	-1	-1	-1	-1	-1	-1	-1	-1	-1	-1	-1	-1	-1	-1	-1	-1	-1	-1	1	1	1	-1	-1	-1	-1	-1	-1
NMI_MGH.GGTAATCGTACCCACG	1	1	1	4	1	0	0	0	1	1	1	1	0	1	0	-1	-1	-1	1	1	0	0	1	4	0	1	1	0	1	0	0	15	6	1	1	0	-1	-1	-1	-1	-1	-1	4	1	1	-1	-1	-1	-1	-1	-1	-1	-1	-1	0	0	1	-1	-1	-1	-1	-1	-1	-1	-1	-1	0	0	0	-1	-1	-1	-1	-1	-1	-1	-1	-1	-1	-1	-1	-1	-1	-1	-1	-1	-1	-1	-1	-1	1	1	0	-1	-1	-1	-1	-1	-1	-1	-1	-1	0	0	0	-1	-1	-1	0	0	0	-1	-1	-1	-1	-1	-1	-1	-1	-1	-1	-1	-1	-1	-1	-1	0	0	0	0	0	0
NMI_MGH.AGATGAACAGAAGCGT	-1	-1	-1	0	1	0	0	10	1	1	1	1	0	1	10	-1	-1	-1	0	1	0	0	1	4	-1	-1	-1	0	1	0	-1	-1	-1	1	2	0	-1	-1	-1	1	5	3	0	6	1	-1	-1	-1	-1	-1	-1	-1	-1	-1	0	4	1	-1	-1	-1	-1	-1	-1	-1	-1	-1	-1	-1	-1	-1	-1	-1	-1	-1	-1	-1	-1	-1	-1	-1	-1	-1	-1	-1	-1	-1	-1	-1	-1	-1	-1	-1	-1	-1	-1	-1	-1	-1	-1	-1	-1	-1	-1	-1	-1	-1	-1	-1	-1	-1	-1	-1	-1	-1	-1	-1	-1	-1	-1	-1	-1	-1	-1	-1	-1	-1	0	0	0	-1	-1	-1
NMI_MGH.TCATTTGGTTGTCCCT	1	1	1	0	1	1	0	0	1	1	1	1	0	1	11	-1	-1	-1	5	1	6	0	1	0	0	1	1	0	1	0	4	9	4	1	1	0	-1	-1	-1	-1	-1	-1	0	2	2	-1	-1	-1	-1	-1	-1	0	1	0	0	0	1	-1	-1	-1	-1	-1	-1	-1	-1	-1	-1	-1	-1	-1	-1	-1	-1	-1	-1	-1	-1	-1	0	1	1	-1	-1	-1	-1	-1	-1	-1	-1	-1	-1	-1	-1	-1	-1	-1	-1	-1	-1	2	2	0	-1	-1	-1	-1	-1	-1	-1	-1	-1	-1	-1	-1	-1	-1	-1	0	1	1	-1	-1	-1	1	1	1	-1	-1	-1	-1	-1	-1
NMI_MGH.CCCGAAGTCTCAATCT	0	0	5	-1	-1	-1	-1	-1	-1	2	2	0	0	6	0	-1	-1	-1	0	3	4	0	1	6	3	2	1	-1	-1	-1	0	11	6	-1	-1	-1	-1	-1	-1	-1	-1	-1	-1	-1	-1	2	1	1	-1	-1	-1	-1	-1	-1	0	4	1	0	1	3	-1	-1	-1	-1	-1	-1	-1	-1	-1	-1	-1	-1	-1	-1	-1	-1	-1	-1	-1	-1	-1	-1	-1	-1	1	0	1	-1	-1	-1	-1	-1	-1	-1	-1	-1	-1	-1	-1	-1	-1	-1	-1	-1	-1	-1	-1	-1	-1	-1	-1	-1	-1	-1	-1	-1	-1	-1	-1	-1	-1	-1	-1	-1	-1	-1	-1	-1	-1	-1	-1	-1
NMI_MGH.GTCCCATGTGATACTC	1	1	1	0	1	0	-1	-1	-1	3	3	3	1	1	0	-1	-1	-1	-1	-1	-1	0	1	0	0	1	1	0	1	0	0	2	0	1	1	0	-1	-1	-1	0	2	1	-1	-1	-1	3	1	0	-1	-1	-1	-1	-1	-1	-1	-1	-1	-1	-1	-1	-1	-1	-1	-1	-1	-1	-1	-1	-1	0	1	1	-1	-1	-1	-1	-1	-1	-1	-1	-1	-1	-1	-1	-1	-1	-1	-1	-1	-1	-1	-1	-1	-1	-1	-1	-1	-1	-1	-1	-1	-1	-1	-1	-1	-1	-1	-1	-1	-1	-1	-1	-1	-1	-1	-1	-1	-1	-1	-1	-1	-1	-1	-1	-1	-1	-1	-1	-1	-1	-1	-1
NMI_MGH.TCCTTCTCACAATTCG	1	1	1	0	1	0	0	0	1	1	1	1	-1	-1	-1	-1	-1	-1	1	1	0	0	1	0	-1	-1	-1	0	1	0	0	0	0	1	1	6	-1	-1	-1	-1	-1	-1	-1	-1	-1	-1	-1	-1	-1	-1	-1	-1	-1	-1	0	0	1	-1	-1	-1	-1	-1	-1	-1	-1	-1	0	0	0	-1	-1	-1	-1	-1	-1	-1	-1	-1	-1	-1	-1	-1	-1	-1	-1	-1	-1	-1	-1	-1	-1	-1	-1	-1	-1	-1	0	1	0	-1	-1	-1	-1	-1	-1	-1	-1	-1	-1	-1	-1	-1	-1	-1	1	0	0	-1	-1	-1	-1	-1	-1	-1	-1	-1	-1	-1	-1	-1	-1	-1
NMI_MGH.AGTACCAGTAATGTGA	6	0	7	0	1	0	0	0	0	1	1	1	0	0	0	-1	-1	-1	0	1	0	0	1	0	0	1	1	0	2	0	0	0	0	1	1	6	-1	-1	-1	-1	-1	-1	0	1	1	-1	-1	-1	-1	-1	-1	-1	-1	-1	5	0	1	-1	-1	-1	-1	-1	-1	-1	-1	-1	-1	-1	-1	0	1	1	-1	-1	-1	-1	-1	-1	-1	-1	-1	-1	-1	-1	-1	-1	-1	-1	-1	-1	-1	-1	-1	1	1	0	-1	-1	-1	2	3	4	-1	-1	-1	-1	-1	-1	-1	-1	-1	-1	-1	-1	-1	-1	-1	-1	-1	-1	-1	-1	-1	-1	-1	-1	-1	-1	-1	-1	-1	-1
NMI_MGH.TGAGGTTGTTTGCCGG	7	11	8	0	1	0	0	11	0	1	1	1	0	0	0	-1	-1	-1	0	1	0	0	1	0	0	1	1	5	0	0	0	0	0	1	2	0	-1	-1	-1	-1	-1	-1	0	1	1	-1	-1	-1	-1	-1	-1	-1	-1	-1	0	0	1	-1	-1	-1	-1	-1	-1	-1	-1	-1	-1	-1	-1	0	1	1	-1	-1	-1	-1	-1	-1	-1	-1	-1	-1	-1	-1	-1	-1	-1	-1	-1	-1	-1	-1	-1	0	1	0	0	1	0	2	3	0	-1	-1	-1	-1	-1	-1	-1	-1	-1	-1	-1	-1	-1	-1	-1	-1	-1	-1	-1	-1	-1	-1	-1	-1	-1	-1	-1	-1	-1	-1
NMI_MGH.AGTGCCGAGCAATAGT	0	9	7	-1	-1	-1	7	12	0	1	1	1	-1	-1	-1	-1	-1	-1	0	1	7	0	1	4	1	1	1	6	2	8	0	4	0	1	1	3	-1	-1	-1	-1	-1	-1	-1	-1	-1	-1	-1	-1	-1	-1	-1	-1	-1	-1	0	0	1	-1	-1	-1	-1	-1	-1	-1	-1	-1	-1	-1	-1	-1	-1	-1	-1	-1	-1	-1	-1	-1	-1	-1	-1	-1	-1	-1	-1	-1	-1	-1	-1	-1	-1	-1	-1	-1	-1	-1	-1	-1	-1	2	5	5	-1	-1	-1	-1	-1	-1	0	0	0	-1	-1	-1	-1	-1	-1	-1	-1	-1	-1	-1	-1	-1	-1	-1	-1	-1	-1	-1	-1	-1
NMI_MGH.TACCCGTAGAAGTATC	8	12	3	0	1	0	0	0	1	1	1	1	10	1	0	-1	-1	-1	0	1	0	0	1	0	0	1	1	0	1	0	0	0	0	1	2	0	-1	-1	-1	-1	-1	-1	0	1	1	-1	-1	-1	-1	-1	-1	0	1	0	0	0	1	-1	-1	-1	-1	-1	-1	-1	-1	-1	-1	-1	-1	0	1	1	-1	-1	-1	-1	-1	-1	-1	-1	-1	-1	-1	-1	-1	-1	-1	0	4	1	-1	-1	-1	-1	-1	-1	-1	-1	-1	-1	-1	-1	-1	-1	-1	-1	-1	-1	-1	-1	-1	-1	-1	-1	-1	-1	-1	-1	-1	-1	-1	-1	-1	-1	-1	-1	-1	-1	-1	0	0	0
NMI_MGH.CAATACGTCGGAAACG	0	13	3	0	1	0	-1	-1	-1	1	1	1	1	1	0	-1	-1	-1	0	1	0	1	1	0	1	1	1	0	1	0	0	16	6	1	2	0	-1	-1	-1	0	2	1	0	1	1	-1	-1	-1	-1	-1	-1	-1	-1	-1	0	0	1	-1	-1	-1	-1	-1	-1	-1	-1	-1	-1	-1	-1	-1	-1	-1	-1	-1	-1	-1	-1	-1	-1	-1	-1	-1	-1	-1	-1	-1	-1	0	2	1	-1	-1	-1	0	1	0	-1	-1	-1	-1	-1	-1	0	0	0	-1	-1	-1	-1	-1	-1	-1	-1	-1	-1	-1	-1	-1	-1	-1	-1	-1	-1	-1	-1	-1	-1	-1	-1	-1	-1	-1
NMI_MGH.ACAGGGATCGCAGAGA	1	1	1	0	1	0	8	13	1	1	1	1	0	1	0	-1	-1	-1	1	1	0	0	1	0	0	1	1	0	1	0	0	0	0	1	1	13	-1	-1	-1	-1	-1	-1	-1	-1	-1	-1	-1	-1	-1	-1	-1	0	1	0	6	12	1	-1	-1	-1	-1	-1	-1	-1	-1	-1	-1	-1	-1	-1	-1	-1	-1	-1	-1	-1	-1	-1	0	1	1	-1	-1	-1	-1	-1	-1	-1	-1	-1	-1	-1	-1	-1	-1	-1	-1	-1	-1	-1	-1	-1	-1	-1	-1	-1	-1	-1	-1	-1	-1	-1	-1	-1	-1	-1	-1	-1	-1	-1	-1	-1	-1	1	1	1	-1	-1	-1	-1	-1	-1
NMI_MGH.GATTCGACAATGAAAC	4	6	9	0	4	0	-1	-1	-1	4	2	2	3	3	0	-1	-1	-1	-1	-1	-1	0	1	0	-1	-1	-1	0	3	4	-1	-1	-1	3	4	14	-1	-1	-1	-1	-1	-1	5	7	3	-1	-1	-1	-1	-1	-1	-1	-1	-1	0	0	1	-1	-1	-1	-1	-1	-1	-1	-1	-1	-1	-1	-1	-1	-1	-1	-1	-1	-1	-1	-1	-1	1	1	1	-1	-1	-1	-1	-1	-1	-1	-1	-1	-1	-1	-1	-1	-1	-1	-1	-1	-1	4	6	6	-1	-1	-1	1	1	1	-1	-1	-1	-1	-1	-1	-1	-1	-1	-1	-1	-1	-1	-1	-1	-1	-1	-1	-1	-1	-1	0	0	0
NMI_MGH.TAGACTGGTCCTGTTC	1	1	1	0	1	0	9	14	1	1	1	1	0	1	1	-1	-1	-1	1	1	1	1	1	0	0	1	1	0	1	0	5	4	12	1	1	6	-1	-1	-1	-1	-1	-1	6	2	2	-1	-1	-1	-1	-1	-1	-1	-1	-1	7	0	1	-1	-1	-1	-1	-1	-1	-1	-1	-1	0	0	0	-1	-1	-1	-1	-1	-1	-1	-1	-1	-1	-1	-1	-1	-1	-1	1	0	1	-1	-1	-1	-1	-1	-1	-1	-1	-1	-1	-1	-1	-1	-1	-1	0	0	0	-1	-1	-1	0	0	0	-1	-1	-1	1	0	0	-1	-1	-1	0	0	0	-1	-1	-1	0	0	0	0	0	0
NMI_MGH.TCAATCTGTATGACAA	-1	-1	-1	2	1	0	-1	-1	-1	1	1	1	0	1	0	-1	-1	-1	0	1	8	0	1	4	0	1	1	0	1	2	0	0	0	1	1	15	-1	-1	-1	-1	-1	-1	0	1	1	-1	-1	-1	-1	-1	-1	0	1	0	0	0	1	-1	-1	-1	-1	-1	-1	-1	-1	-1	-1	-1	-1	-1	-1	-1	-1	-1	-1	-1	-1	-1	-1	-1	-1	-1	-1	-1	-1	-1	-1	-1	-1	-1	-1	-1	-1	-1	-1	-1	-1	-1	-1	-1	-1	-1	-1	-1	-1	-1	-1	-1	-1	-1	-1	-1	-1	-1	-1	-1	-1	-1	-1	-1	-1	-1	-1	-1	-1	-1	-1	-1	-1	-1	-1	-1
NMI_MGH.TTCCGGTTCGTCAAAC	1	1	1	0	1	0	0	15	1	1	1	1	0	1	0	-1	-1	-1	1	1	0	-1	-1	-1	5	1	1	7	1	9	6	17	6	1	1	0	-1	-1	-1	-1	-1	-1	0	1	1	2	1	0	-1	-1	-1	-1	-1	-1	8	13	1	-1	-1	-1	-1	-1	-1	-1	-1	-1	-1	-1	-1	-1	-1	-1	-1	-1	-1	-1	-1	-1	-1	-1	-1	-1	-1	-1	-1	-1	-1	-1	-1	-1	-1	-1	-1	-1	-1	-1	-1	-1	-1	2	3	0	-1	-1	-1	-1	-1	-1	-1	-1	-1	-1	-1	-1	-1	-1	-1	-1	-1	-1	-1	-1	-1	-1	-1	-1	-1	-1	-1	-1	-1	-1
NMI_MGH.TAATCTCTCTCTGCTG	1	1	1	0	1	0	9	0	1	1	1	1	0	1	1	-1	-1	-1	1	1	1	1	1	0	0	1	1	0	1	0	5	0	0	1	1	0	-1	-1	-1	-1	-1	-1	0	1	1	-1	-1	-1	-1	-1	-1	-1	-1	-1	-1	-1	-1	-1	-1	-1	-1	-1	-1	-1	-1	-1	-1	-1	-1	-1	-1	-1	-1	-1	-1	-1	-1	-1	-1	-1	-1	1	1	4	-1	-1	-1	-1	-1	-1	-1	-1	-1	-1	-1	-1	-1	-1	-1	2	3	0	-1	-1	-1	-1	-1	-1	-1	-1	-1	-1	-1	-1	-1	-1	-1	-1	-1	-1	-1	-1	-1	-1	-1	-1	-1	-1	-1	-1	-1	-1
NMI_MGH.GTGTTCCAGACCGTTT	9	14	0	0	1	0	0	0	6	1	1	1	0	8	0	-1	-1	-1	0	1	0	0	1	4	0	1	1	0	5	0	0	18	0	1	1	0	-1	-1	-1	-1	-1	-1	7	1	1	-1	-1	-1	-1	-1	-1	-1	-1	-1	0	0	1	-1	-1	-1	0	1	1	-1	-1	-1	-1	-1	-1	-1	-1	-1	-1	-1	-1	0	1	1	-1	-1	-1	-1	-1	-1	-1	-1	-1	-1	-1	-1	1	1	0	-1	-1	-1	0	1	0	-1	-1	-1	-1	-1	-1	-1	-1	-1	-1	-1	-1	-1	-1	-1	-1	-1	-1	-1	-1	-1	-1	-1	-1	-1	-1	-1	-1	-1	-1	-1	-1	-1
NMI_MGH.GTTACCCCAGACGCTC	4	6	10	0	5	9	-1	-1	-1	3	3	3	-1	-1	-1	-1	-1	-1	-1	-1	-1	0	1	8	-1	-1	-1	0	3	4	0	6	5	3	4	4	-1	-1	-1	-1	-1	-1	7	8	3	-1	-1	-1	-1	-1	-1	-1	-1	-1	0	14	1	-1	-1	-1	-1	-1	-1	-1	-1	-1	0	0	0	-1	-1	-1	-1	-1	-1	-1	-1	-1	-1	-1	-1	1	1	0	-1	-1	-1	-1	-1	-1	-1	-1	-1	0	1	1	-1	-1	-1	-1	-1	-1	-1	-1	-1	0	1	1	-1	-1	-1	-1	-1	-1	-1	-1	-1	-1	-1	-1	-1	-1	-1	-1	-1	-1	-1	-1	-1	-1	-1	-1
NMI_MGH.TTTGATCTCTAGTCAG	-1	-1	-1	0	6	10	0	16	7	1	1	1	0	9	0	1	1	0	0	1	9	0	1	0	0	1	1	0	2	0	-1	-1	-1	1	1	6	-1	-1	-1	-1	-1	-1	0	1	1	-1	-1	-1	-1	-1	-1	-1	-1	-1	0	0	1	-1	-1	-1	-1	-1	-1	-1	-1	-1	-1	-1	-1	-1	-1	-1	-1	-1	-1	-1	-1	-1	-1	-1	-1	-1	-1	-1	-1	-1	-1	-1	-1	-1	-1	-1	-1	-1	-1	-1	-1	-1	-1	-1	-1	-1	-1	-1	-1	-1	-1	-1	-1	-1	-1	-1	-1	-1	-1	-1	-1	-1	-1	-1	-1	-1	-1	1	1	1	-1	-1	-1	-1	-1	-1
NMI_MGH.TATTTCGCACCAGCCA	3	4	0	0	1	0	0	1	2	1	1	1	2	2	2	-1	-1	-1	0	1	0	0	1	1	0	1	1	-1	-1	-1	0	2	7	1	1	0	-1	-1	-1	-1	-1	-1	0	1	1	-1	-1	-1	-1	-1	-1	-1	-1	-1	0	1	1	-1	-1	-1	1	1	1	-1	-1	-1	-1	-1	-1	-1	-1	-1	-1	-1	-1	-1	-1	-1	-1	-1	-1	-1	-1	-1	-1	-1	-1	-1	-1	-1	-1	-1	-1	-1	-1	-1	-1	-1	-1	-1	-1	-1	-1	-1	-1	-1	-1	-1	-1	-1	-1	-1	-1	-1	-1	-1	-1	-1	-1	-1	-1	-1	-1	-1	-1	-1	-1	-1	-1	-1	-1	-1
NMI_MGH.TATTTCGTCGCCGATG	1	1	1	0	1	0	0	0	1	1	1	1	0	1	12	-1	-1	-1	1	1	0	0	1	9	0	1	1	0	1	0	0	0	0	1	1	0	-1	-1	-1	-1	-1	-1	0	1	1	-1	-1	-1	-1	-1	-1	-1	-1	-1	0	15	3	-1	-1	-1	-1	-1	-1	-1	-1	-1	-1	-1	-1	-1	-1	-1	-1	-1	-1	-1	-1	-1	-1	-1	-1	-1	-1	-1	-1	-1	-1	-1	-1	-1	-1	-1	-1	-1	-1	-1	0	1	0	2	3	0	-1	-1	-1	-1	-1	-1	-1	-1	-1	0	1	1	-1	-1	-1	-1	-1	-1	-1	-1	-1	-1	-1	-1	-1	-1	-1	-1	-1	-1
NMI_MGH.GAGTTTGCAGTCGTTA	1	1	1	0	1	1	0	17	1	1	1	1	0	1	0	1	1	0	1	1	0	0	1	10	0	1	1	4	1	10	0	0	0	1	1	0	-1	-1	-1	-1	-1	-1	0	1	1	-1	-1	-1	-1	-1	-1	-1	-1	-1	3	7	1	-1	-1	-1	-1	-1	-1	-1	-1	-1	-1	-1	-1	-1	-1	-1	-1	-1	-1	-1	-1	-1	-1	-1	-1	-1	-1	-1	-1	-1	-1	-1	-1	-1	-1	-1	-1	-1	-1	-1	-1	-1	-1	-1	-1	-1	-1	-1	-1	-1	-1	-1	-1	-1	-1	-1	-1	-1	-1	-1	-1	-1	-1	-1	-1	-1	-1	-1	-1	-1	-1	-1	-1	-1	-1	-1
NMI_MGH.GTGCTGGTCCATTGTT	0	0	11	2	1	0	-1	-1	-1	1	1	1	0	1	0	-1	-1	-1	0	1	0	0	1	4	0	1	1	0	1	2	-1	-1	-1	1	1	0	0	0	1	-1	-1	-1	0	2	2	-1	-1	-1	-1	-1	-1	-1	-1	-1	0	16	1	-1	-1	-1	-1	-1	-1	-1	-1	-1	-1	-1	-1	-1	-1	-1	-1	-1	-1	-1	-1	-1	-1	-1	-1	-1	-1	-1	-1	-1	-1	-1	-1	-1	-1	-1	-1	-1	-1	-1	-1	-1	-1	-1	-1	-1	-1	-1	-1	-1	-1	-1	-1	-1	-1	-1	-1	-1	1	0	2	-1	-1	-1	-1	-1	-1	1	1	1	-1	-1	-1	-1	-1	-1
NMI_MGH.TATTGCTTCCGTCAAA	10	0	7	0	1	0	0	0	8	1	1	1	0	10	0	-1	-1	-1	0	1	0	0	1	0	0	1	1	0	2	0	-1	-1	-1	1	1	3	-1	-1	-1	-1	-1	-1	0	2	2	-1	-1	-1	-1	-1	-1	-1	-1	-1	0	0	1	-1	-1	-1	-1	-1	-1	-1	-1	-1	-1	-1	-1	0	1	1	-1	-1	-1	-1	-1	-1	-1	-1	-1	-1	-1	-1	-1	-1	-1	-1	-1	-1	-1	-1	-1	-1	-1	-1	-1	-1	-1	-1	-1	-1	-1	-1	-1	-1	-1	-1	0	0	0	-1	-1	-1	-1	-1	-1	-1	-1	-1	-1	-1	-1	-1	-1	-1	-1	-1	-1	-1	-1	-1
NMI_MGH.TATTTCGAGTGCACTT	0	0	12	0	1	0	-1	-1	-1	1	1	1	-1	-1	-1	-1	-1	-1	0	1	0	0	1	11	0	1	1	0	0	0	0	11	6	1	1	16	-1	-1	-1	-1	-1	-1	0	2	2	-1	-1	-1	-1	-1	-1	-1	-1	-1	0	0	1	-1	-1	-1	-1	-1	-1	-1	-1	-1	-1	-1	-1	-1	-1	-1	-1	-1	-1	-1	-1	-1	-1	-1	-1	-1	-1	-1	-1	-1	-1	-1	-1	-1	-1	-1	-1	-1	-1	-1	-1	-1	-1	-1	-1	-1	-1	-1	-1	-1	-1	-1	-1	-1	-1	-1	-1	-1	-1	-1	-1	-1	-1	-1	-1	-1	-1	-1	-1	-1	-1	-1	-1	-1	-1	-1
NMI_MGH.CAGATTGTCGTTAGTG	3	4	0	0	1	2	0	1	2	1	1	1	2	2	2	-1	-1	-1	0	1	0	0	1	1	-1	-1	-1	-1	-1	-1	0	0	7	1	2	0	-1	-1	-1	-1	-1	-1	-1	-1	-1	-1	-1	-1	-1	-1	-1	-1	-1	-1	0	1	1	-1	-1	-1	-1	-1	-1	-1	-1	-1	-1	-1	-1	-1	-1	-1	-1	-1	-1	-1	-1	-1	-1	-1	-1	-1	-1	-1	-1	-1	-1	-1	-1	-1	-1	-1	-1	-1	-1	-1	-1	-1	-1	-1	-1	-1	-1	-1	-1	-1	-1	-1	-1	-1	-1	-1	-1	-1	-1	-1	-1	-1	-1	-1	-1	-1	-1	-1	-1	-1	-1	-1	-1	-1	-1	-1
NMI_MGH.CTTTCAAGTGGCATCC	10	2	2	0	1	0	0	1	2	1	1	1	0	2	2	-1	-1	-1	0	1	0	0	1	1	0	1	1	-1	-1	-1	0	19	0	1	2	0	-1	-1	-1	-1	-1	-1	0	2	2	-1	-1	-1	-1	-1	-1	-1	-1	-1	0	1	1	-1	-1	-1	-1	-1	-1	-1	-1	-1	-1	-1	-1	0	1	1	-1	-1	-1	0	1	1	-1	-1	-1	-1	-1	-1	-1	-1	-1	-1	-1	-1	-1	-1	-1	-1	-1	-1	-1	-1	-1	-1	-1	-1	-1	-1	-1	-1	-1	-1	-1	-1	-1	-1	-1	-1	-1	-1	-1	-1	-1	-1	-1	-1	-1	1	1	1	-1	-1	-1	0	0	0
NMI_MGH.TCTATCAAGTCGGGAT	1	1	1	0	1	0	0	18	1	1	1	1	0	1	0	-1	-1	-1	1	1	0	0	1	12	0	1	1	4	1	0	0	0	0	1	1	0	-1	-1	-1	-1	-1	-1	0	2	2	-1	-1	-1	-1	-1	-1	-1	-1	-1	3	7	1	-1	-1	-1	-1	-1	-1	-1	-1	-1	0	0	0	-1	-1	-1	-1	-1	-1	-1	-1	-1	0	1	1	-1	-1	-1	-1	-1	-1	-1	-1	-1	-1	-1	-1	-1	-1	-1	-1	-1	-1	-1	-1	-1	-1	-1	-1	-1	-1	-1	-1	-1	-1	-1	-1	-1	-1	-1	-1	0	1	1	-1	-1	-1	-1	-1	-1	-1	-1	-1	-1	-1	-1
NMI_MGH.TTCTAGTAGCTTAGTC	1	1	1	0	1	11	0	0	1	1	1	1	0	1	0	-1	-1	-1	1	1	0	-1	-1	-1	0	1	1	0	1	11	-1	-1	-1	1	1	0	-1	-1	-1	-1	-1	-1	-1	-1	-1	1	1	0	0	1	1	-1	-1	-1	0	0	1	0	1	0	-1	-1	-1	-1	-1	-1	-1	-1	-1	-1	-1	-1	-1	-1	-1	-1	-1	-1	-1	-1	-1	-1	-1	-1	-1	-1	-1	-1	-1	-1	-1	-1	-1	-1	-1	-1	-1	-1	-1	-1	-1	-1	-1	-1	-1	-1	-1	-1	-1	-1	-1	-1	-1	-1	-1	-1	-1	-1	-1	-1	-1	-1	-1	-1	-1	-1	-1	-1	-1	-1	-1	-1
NMI_MGH.GGAGGTATCTGAGGCC	1	1	1	-1	-1	-1	0	0	1	1	1	1	0	1	0	-1	-1	-1	1	1	0	0	1	0	-1	-1	-1	0	1	0	0	0	0	1	1	6	-1	-1	-1	-1	-1	-1	-1	-1	-1	-1	-1	-1	-1	-1	-1	-1	-1	-1	0	0	1	-1	-1	-1	-1	-1	-1	-1	-1	-1	-1	-1	-1	0	1	1	-1	-1	-1	-1	-1	-1	-1	-1	-1	-1	-1	-1	-1	-1	-1	-1	-1	-1	-1	-1	-1	0	1	1	-1	-1	-1	-1	-1	-1	-1	-1	-1	-1	-1	-1	-1	-1	-1	-1	-1	-1	-1	-1	-1	-1	-1	-1	-1	-1	-1	-1	-1	-1	-1	-1	-1	-1	-1	-1
NMI_MGH.TCGTGCTCAGAAGCTG	2	2	2	0	1	0	4	19	0	1	1	1	-1	-1	-1	-1	-1	-1	0	1	0	0	1	13	0	1	1	0	2	0	0	0	0	1	2	3	-1	-1	-1	-1	-1	-1	0	1	1	-1	-1	-1	-1	-1	-1	-1	-1	-1	0	0	1	-1	-1	-1	-1	-1	-1	-1	-1	-1	-1	-1	-1	0	1	1	-1	-1	-1	0	1	1	-1	-1	-1	-1	-1	-1	-1	-1	-1	-1	-1	-1	-1	-1	-1	-1	-1	-1	-1	-1	-1	-1	-1	-1	-1	-1	-1	-1	-1	-1	-1	-1	-1	-1	-1	-1	-1	-1	-1	0	1	1	-1	-1	-1	-1	-1	-1	-1	-1	-1	-1	-1	-1
NMI_MGH.GGAATGGAGTCTCCTC	-1	-1	-1	2	1	7	-1	-1	-1	1	1	1	0	1	0	-1	-1	-1	0	1	0	0	1	4	0	1	1	0	1	2	0	0	13	1	1	6	-1	-1	-1	-1	-1	-1	0	1	1	-1	-1	-1	-1	-1	-1	-1	-1	-1	0	17	1	-1	-1	-1	-1	-1	-1	-1	-1	-1	-1	-1	-1	-1	-1	-1	-1	-1	-1	-1	-1	-1	-1	-1	-1	-1	-1	-1	-1	-1	-1	-1	-1	-1	-1	-1	-1	-1	-1	-1	-1	-1	-1	-1	-1	-1	-1	-1	-1	-1	-1	-1	-1	-1	-1	-1	-1	-1	-1	-1	-1	-1	-1	-1	-1	-1	-1	-1	-1	-1	-1	-1	-1	-1	-1	-1
NMI_MGH.TTTGATCCATGGGAAC	1	1	1	0	1	0	10	0	1	1	1	1	1	1	0	1	1	0	1	1	0	0	1	0	0	1	1	0	1	0	2	20	6	1	1	0	-1	-1	-1	-1	-1	-1	0	1	1	-1	-1	-1	-1	-1	-1	-1	-1	-1	0	0	1	-1	-1	-1	-1	-1	-1	-1	-1	-1	-1	-1	-1	0	1	1	-1	-1	-1	-1	-1	-1	-1	-1	-1	-1	-1	-1	-1	-1	-1	-1	-1	-1	-1	-1	-1	-1	-1	-1	-1	-1	-1	2	4	0	-1	-1	-1	-1	-1	-1	-1	-1	-1	-1	-1	-1	1	0	3	-1	-1	-1	-1	-1	-1	-1	-1	-1	-1	-1	-1	-1	-1	-1
NMI_MGH.AAGATAGGTGCACGCT	0	0	13	0	7	12	0	20	9	1	1	1	0	11	0	-1	-1	-1	0	1	0	0	1	0	0	1	1	0	2	0	7	21	14	1	1	6	-1	-1	-1	-1	-1	-1	8	1	1	-1	-1	-1	-1	-1	-1	-1	-1	-1	9	0	1	-1	-1	-1	-1	-1	-1	-1	-1	-1	-1	-1	-1	-1	-1	-1	-1	-1	-1	-1	-1	-1	0	0	0	-1	-1	-1	-1	-1	-1	-1	-1	-1	-1	-1	-1	-1	-1	-1	-1	-1	-1	-1	-1	-1	-1	-1	-1	-1	-1	-1	-1	-1	-1	-1	-1	-1	-1	-1	-1	-1	-1	-1	-1	-1	-1	-1	-1	-1	-1	-1	-1	-1	-1	-1
